2019-01-07,145.002685546875,1629.510009765625,147.92999267578125,1629.510009765625,148.8300018310547,1634.56005859375,145.89999389648438,1589.18994140625,148.6999969482422,1602.31005859375,54777800.0,7993200.0
2019-01-08,147.76686096191406,1656.5799560546875,150.75,1656.5799560546875,151.82000732421875,1676.6099853515625,148.52000427246094,1616.6099853515625,149.55999755859375,1664.68994140625,41025300.0,8881400.0
2019-01-09,150.2761993408203,1659.4200439453125,153.30999755859375,1659.4200439453125,154.52999877929688,1667.800048828125,149.6300048828125,1641.4000244140625,151.2899932861328,1652.97998046875,45099100.0,6348800.0
2019-01-10,150.75653076171875,1656.219970703125,153.8000030517578,1656.219970703125,153.97000122070312,1663.25,150.86000061035156,1621.6199951171875,152.5,1641.010009765625,35780700.0,6507700.0
2019-01-11,149.27638244628906,1640.56005859375,152.2899932861328,1640.56005859375,153.6999969482422,1660.2900390625,151.50999450683594,1636.219970703125,152.8800048828125,1640.550048828125,27023200.0,4686200.0
2019-01-14,147.03170776367188,1617.2099609375,150.0,1617.2099609375,151.27000427246094,1648.199951171875,149.22000122070312,1595.1500244140625,150.85000610351562,1615.0,32439200.0,6005900.0
2019-01-15,150.0409698486328,1674.56005859375,153.07000732421875,1674.56005859375,153.38999938964844,1675.1600341796875,150.0500030517578,1626.010009765625,150.27000427246094,1632.0,28710900.0,5998500.0
2019-01-16,151.87396240234375,1683.780029296875,154.94000244140625,1683.780029296875,155.8800048828125,1705.0,153.0,1675.8800048828125,153.0800018310547,1684.219970703125,30569700.0,6366900.0
2019-01-17,152.77574157714844,1693.219970703125,155.86000061035156,1693.219970703125,157.66000366210938,1700.1700439453125,153.25999450683594,1677.5,154.1999969482422,1680.0,29821200.0,4208900.0
2019-01-18,153.7167510986328,1696.199951171875,156.82000732421875,1696.199951171875,157.8800048828125,1716.199951171875,155.97999572753906,1691.5400390625,157.5,1712.0,33751000.0,6020500.0
2019-01-22,150.2664031982422,1632.1700439453125,153.3000030517578,1632.1700439453125,156.72999572753906,1681.8699951171875,152.6199951171875,1610.199951171875,156.41000366210938,1681.0,30394000.0,6416800.0
2019-01-23,150.87413024902344,1640.02001953125,153.9199981689453,1640.02001953125,155.13999938964844,1657.4300537109375,151.6999969482422,1612.0,154.14999389648438,1656.0,23130600.0,5225200.0
2019-01-24,149.67825317382812,1654.9300537109375,152.6999969482422,1654.9300537109375,154.47999572753906,1657.260009765625,151.74000549316406,1631.780029296875,154.11000061035156,1641.0699462890625,25441500.0,4089900.0
2019-01-25,154.63815307617188,1670.5699462890625,157.75999450683594,1670.5699462890625,158.1300048828125,1683.47998046875,154.32000732421875,1661.6099853515625,155.47999572753906,1670.5,33535500.0,4945900.0
2019-01-28,153.20704650878906,1637.8900146484375,156.3000030517578,1637.8900146484375,156.3300018310547,1645.0,153.66000366210938,1614.0899658203125,155.7899932861328,1643.5899658203125,26192100.0,4837700.0
2019-01-29,151.61907958984375,1593.8800048828125,154.67999267578125,1593.8800048828125,158.1300048828125,1632.3800048828125,154.11000061035156,1590.719970703125,156.25,1631.27001953125,41587200.0,4632800.0
2019-01-30,161.9799346923828,1670.4300537109375,165.25,1670.4300537109375,166.14999389648438,1676.949951171875,160.22999572753906,1619.6800537109375,163.25,1623.0,61109800.0,5783800.0
2019-01-31,163.1463623046875,1718.72998046875,166.44000244140625,1718.72998046875,169.0,1736.4100341796875,164.55999755859375,1679.0799560546875,166.11000061035156,1692.8499755859375,40739600.0,10910300.0
2019-02-01,163.22479248046875,1626.22998046875,166.52000427246094,1626.22998046875,168.97999572753906,1673.06005859375,165.92999267578125,1622.010009765625,166.9600067138672,1638.8800048828125,32668100.0,11506200.0
2019-02-04,167.86119079589844,1633.31005859375,171.25,1633.31005859375,171.66000366210938,1649.6300048828125,167.27999877929688,1613.5,167.41000366210938,1623.0,31495500.0,4929100.0
2019-02-05,170.73321533203125,1658.81005859375,174.17999267578125,1658.81005859375,175.0800018310547,1665.260009765625,172.35000610351562,1642.5,172.86000061035156,1643.3399658203125,36101600.0,4453100.0
2019-02-06,170.7920379638672,1640.260009765625,174.24000549316406,1640.260009765625,175.57000732421875,1672.260009765625,172.85000610351562,1633.3399658203125,174.64999389648438,1670.75,28239600.0,3939900.0
2019-02-07,167.5573272705078,1614.3699951171875,170.94000244140625,1614.3699951171875,173.94000244140625,1625.5400390625,170.33999633789062,1592.9100341796875,172.39999389648438,1625.0,31741700.0,4626600.0
2019-02-08,167.7542266845703,1588.219970703125,170.41000366210938,1588.219970703125,170.66000366210938,1588.5899658203125,168.4199981689453,1566.760009765625,168.99000549316406,1586.0,23820000.0,5657500.0
2019-02-11,166.7894744873047,1591.0,169.42999267578125,1591.0,171.2100067138672,1609.2900390625,169.25,1586.0,171.0500030517578,1600.97998046875,20993400.0,3317300.0
2019-02-12,168.2267303466797,1638.010009765625,170.88999938964844,1638.010009765625,171.0,1639.4000244140625,169.6999969482422,1598.8800048828125,170.10000610351562,1604.0,22283500.0,4858600.0
2019-02-13,167.5277862548828,1640.0,170.17999267578125,1640.0,172.47999572753906,1656.3800048828125,169.9199981689453,1637.1099853515625,171.38999938964844,1647.0,22490200.0,3560300.0
2019-02-14,168.13815307617188,1622.6500244140625,170.8000030517578,1622.6500244140625,171.25999450683594,1637.9000244140625,169.3800048828125,1606.06005859375,169.7100067138672,1624.5,21835700.0,4120500.0
2019-02-15,167.76406860351562,1607.949951171875,170.4199981689453,1607.949951171875,171.6999969482422,1628.9100341796875,169.75,1604.5,171.25,1627.8599853515625,24626800.0,4343900.0
2019-02-19,168.26609802246094,1627.5799560546875,170.92999267578125,1627.5799560546875,171.44000244140625,1634.0,169.49000549316406,1600.56005859375,169.7100067138672,1601.0,18972800.0,3681700.0
2019-02-20,169.34896850585938,1622.0999755859375,172.02999877929688,1622.0999755859375,173.32000732421875,1634.9300537109375,170.99000549316406,1610.1199951171875,171.19000244140625,1630.0,26114400.0,3337600.0
2019-02-21,168.3940887451172,1619.43994140625,171.05999755859375,1619.43994140625,172.3699951171875,1623.56005859375,170.3000030517578,1600.9100341796875,171.8000030517578,1619.8499755859375,17249700.0,3483400.0
2019-02-22,170.27430725097656,1631.56005859375,172.97000122070312,1631.56005859375,173.0,1634.93994140625,171.3800048828125,1621.1700439453125,171.5800018310547,1623.5,18913200.0,3096200.0
2019-02-25,171.51466369628906,1633.0,174.22999572753906,1633.0,175.8699951171875,1654.5999755859375,173.9499969482422,1630.3900146484375,174.16000366210938,1641.449951171875,21873400.0,3184500.0
2019-02-26,171.6131134033203,1636.4000244140625,174.3300018310547,1636.4000244140625,175.3000030517578,1639.989990234375,173.1699981689453,1616.1300048828125,173.7100067138672,1625.97998046875,17070200.0,2665800.0
2019-02-27,172.1446990966797,1641.0899658203125,174.8699951171875,1641.0899658203125,175.0,1641.81005859375,172.72999572753906,1615.0999755859375,173.2100067138672,1628.1800537109375,27835400.0,3148800.0
2019-02-28,170.45150756835938,1639.8299560546875,173.14999389648438,1639.8299560546875,174.91000366210938,1651.77001953125,172.9199981689453,1633.8299560546875,174.32000732421875,1635.25,28215400.0,3025900.0
2019-03-01,172.2431182861328,1671.72998046875,174.97000122070312,1671.72998046875,175.14999389648438,1674.260009765625,172.88999938964844,1651.0,174.27999877929688,1655.1300048828125,25886200.0,4974900.0
2019-03-04,173.10943603515625,1696.1700439453125,175.85000610351562,1696.1700439453125,177.75,1709.4300537109375,173.97000122070312,1674.3599853515625,175.69000244140625,1685.0,27436200.0,6167400.0
2019-03-05,172.79440307617188,1692.4300537109375,175.52999877929688,1692.4300537109375,176.0,1707.800048828125,174.5399932861328,1689.010009765625,175.94000244140625,1702.949951171875,19737400.0,3681500.0
2019-03-06,171.8001708984375,1668.949951171875,174.52000427246094,1668.949951171875,175.49000549316406,1697.75,173.94000244140625,1668.280029296875,174.6699981689453,1695.969970703125,20810400.0,3996000.0
2019-03-07,169.8116455078125,1625.949951171875,172.5,1625.949951171875,174.44000244140625,1669.75,172.02000427246094,1620.510009765625,173.8699951171875,1667.3699951171875,24796400.0,4957000.0
2019-03-08,170.2152557373047,1620.800048828125,172.91000366210938,1620.800048828125,173.07000732421875,1622.719970703125,169.5,1586.5699462890625,170.32000732421875,1604.010009765625,23999400.0,4667000.0
2019-03-11,176.11187744140625,1670.6199951171875,178.89999389648438,1670.6199951171875,179.1199951171875,1672.2900390625,175.35000610351562,1626.010009765625,175.49000549316406,1626.1199951171875,32011000.0,3876400.0
2019-03-12,178.090576171875,1673.0999755859375,180.91000366210938,1673.0999755859375,182.6699981689453,1684.27001953125,179.3699951171875,1660.97998046875,180.0,1669.0,32467600.0,3614500.0
2019-03-13,178.8780975341797,1690.81005859375,181.7100067138672,1690.81005859375,183.3000030517578,1700.0,180.9199981689453,1679.3499755859375,182.25,1683.0,31032500.0,3552000.0
2019-03-14,180.86660766601562,1686.219970703125,183.72999572753906,1686.219970703125,184.10000610351562,1702.0,182.55999755859375,1684.3399658203125,183.89999389648438,1691.199951171875,23579500.0,2946600.0
2019-03-15,183.2193603515625,1712.3599853515625,186.1199951171875,1712.3599853515625,187.3300018310547,1718.800048828125,183.74000549316406,1693.1300048828125,184.85000610351562,1703.0,39042900.0,7550900.0
2019-03-18,185.0897674560547,1742.1500244140625,188.02000427246094,1742.1500244140625,188.38999938964844,1750.0,185.7899932861328,1712.6300048828125,185.8000030517578,1712.699951171875,26219800.0,5429100.0
2019-03-19,183.62298583984375,1761.8499755859375,186.52999877929688,1761.8499755859375,188.99000549316406,1784.1600341796875,185.9199981689453,1753.510009765625,188.35000610351562,1753.510009765625,31646400.0,6364200.0
2019-03-20,185.2275848388672,1797.27001953125,188.16000366210938,1797.27001953125,189.49000549316406,1799.5,184.72999572753906,1767.030029296875,186.22999572753906,1769.93994140625,31035200.0,6265600.0
2019-03-21,192.049560546875,1819.260009765625,195.08999633789062,1819.260009765625,196.3300018310547,1823.75,189.80999755859375,1787.280029296875,190.02000427246094,1796.260009765625,51034200.0,5767800.0
2019-03-22,188.07254028320312,1764.77001953125,191.0500030517578,1764.77001953125,197.69000244140625,1818.97998046875,190.77999877929688,1763.1099853515625,195.33999633789062,1810.1700439453125,42407700.0,6363000.0
2019-03-25,185.79852294921875,1774.260009765625,188.74000549316406,1774.260009765625,191.97999572753906,1782.6800537109375,186.60000610351562,1747.5,191.50999450683594,1757.7900390625,43845300.0,5103800.0
2019-03-26,183.87892150878906,1783.760009765625,186.7899932861328,1783.760009765625,192.8800048828125,1805.77001953125,184.5800018310547,1773.3599853515625,191.66000366210938,1793.0,49800500.0,4865900.0
2019-03-27,185.53274536132812,1765.699951171875,188.47000122070312,1765.699951171875,189.75999450683594,1787.5,186.5500030517578,1745.6800537109375,188.75,1784.1300048828125,29848400.0,4324800.0
2019-03-28,185.77883911132812,1773.4200439453125,188.72000122070312,1773.4200439453125,189.55999755859375,1777.9300537109375,187.52999877929688,1753.469970703125,188.9499969482422,1770.0,20780400.0,3043000.0
2019-03-29,186.98968505859375,1780.75,189.9499969482422,1780.75,190.0800018310547,1792.8599853515625,188.5399932861328,1776.6300048828125,189.8300018310547,1786.5799560546875,23564000.0,3320800.0
2019-04-01,188.2595977783203,1814.18994140625,191.24000549316406,1814.18994140625,191.67999267578125,1815.6700439453125,188.3800048828125,1798.72998046875,191.63999938964844,1800.1099853515625,27862000.0,4238800.0
2019-04-02,190.9962615966797,1813.97998046875,194.02000427246094,1813.97998046875,194.4600067138672,1820.0,191.0500030517578,1805.1199951171875,191.08999633789062,1811.02001953125,22765700.0,3448100.0
2019-04-03,192.3055419921875,1820.699951171875,195.35000610351562,1820.699951171875,196.5,1830.0,193.14999389648438,1809.6199951171875,193.25,1826.719970703125,23271800.0,3980600.0
2019-04-04,192.6402130126953,1818.8599853515625,195.69000244140625,1818.8599853515625,196.3699951171875,1828.75,193.13999938964844,1804.199951171875,194.7899932861328,1820.6500244140625,19114300.0,3623900.0
2019-04-05,193.92979431152344,1837.280029296875,197.0,1837.280029296875,197.10000610351562,1838.5799560546875,195.92999267578125,1825.18994140625,196.4499969482422,1829.0,18526600.0,3640500.0
2019-04-08,196.9814910888672,1849.8599853515625,200.10000610351562,1849.8599853515625,200.22999572753906,1850.199951171875,196.33999633789062,1825.1099853515625,196.4199981689453,1833.22998046875,25881700.0,3752800.0
2019-04-09,196.39083862304688,1835.8399658203125,199.5,1835.8399658203125,202.85000610351562,1853.0899658203125,199.22999572753906,1831.780029296875,200.32000732421875,1845.489990234375,35768200.0,3714400.0
2019-04-10,197.49337768554688,1847.3299560546875,200.6199951171875,1847.3299560546875,200.74000549316406,1848.0,198.17999267578125,1828.81005859375,198.67999267578125,1841.0,21695300.0,2964000.0
2019-04-11,195.8494110107422,1844.0699462890625,198.9499969482422,1844.0699462890625,201.0,1849.949951171875,198.44000244140625,1840.31005859375,200.85000610351562,1848.699951171875,20900800.0,2654800.0
2019-04-12,195.77066040039062,1843.06005859375,198.8699951171875,1843.06005859375,200.13999938964844,1851.5,196.2100067138672,1841.300048828125,199.1999969482422,1848.4000244140625,27760700.0,3114400.0
2019-04-15,196.1250457763672,1844.8699951171875,199.22999572753906,1844.8699951171875,199.85000610351562,1846.8499755859375,198.00999450683594,1818.9000244140625,198.5800018310547,1842.0,17536600.0,3724400.0
2019-04-16,196.14474487304688,1863.0400390625,199.25,1863.0400390625,201.3699951171875,1869.77001953125,198.55999755859375,1848.0,199.4600067138672,1851.3499755859375,25696400.0,3044600.0
2019-04-17,199.9642791748047,1864.8199462890625,203.1300048828125,1864.8199462890625,203.3800048828125,1876.469970703125,198.61000061035156,1860.43994140625,199.5399932861328,1872.989990234375,28906800.0,2893500.0
2019-04-18,200.6829071044922,1861.68994140625,203.86000061035156,1861.68994140625,204.14999389648438,1870.8199462890625,202.52000427246094,1859.47998046875,203.1199951171875,1868.7900390625,24195800.0,2749900.0
2019-04-22,201.34246826171875,1887.31005859375,204.52999877929688,1887.31005859375,204.94000244140625,1888.4200439453125,202.33999633789062,1845.6400146484375,202.8300018310547,1855.4000244140625,19439500.0,3373800.0
2019-04-23,204.24647521972656,1923.77001953125,207.47999572753906,1923.77001953125,207.75,1929.260009765625,203.89999389648438,1889.5799560546875,204.42999267578125,1891.199951171875,23323000.0,4640400.0
2019-04-24,203.9314727783203,1901.75,207.16000366210938,1901.75,208.47999572753906,1929.68994140625,207.0500030517578,1898.1600341796875,207.36000061035156,1925.0,17540600.0,3675800.0
2019-04-25,202.08078002929688,1902.25,205.27999877929688,1902.25,207.75999450683594,1922.449951171875,205.1199951171875,1900.31005859375,206.8300018310547,1917.0,18543200.0,6099100.0
2019-04-26,201.1160430908203,1950.6300048828125,204.3000030517578,1950.6300048828125,205.0,1951.0,202.1199951171875,1898.0,204.89999389648438,1929.0,18649100.0,8432600.0
2019-04-29,201.4212188720703,1938.4300537109375,204.61000061035156,1938.4300537109375,205.97000122070312,1956.3399658203125,203.86000061035156,1934.0899658203125,204.39999389648438,1949.0,22204700.0,4021300.0
2019-04-30,197.54261779785156,1926.52001953125,200.6699981689453,1926.52001953125,203.39999389648438,1935.7099609375,199.11000061035156,1906.949951171875,203.05999755859375,1930.0999755859375,46534900.0,3506000.0
2019-05-01,207.23912048339844,1911.52001953125,210.52000427246094,1911.52001953125,215.30999755859375,1943.6400146484375,209.22999572753906,1910.550048828125,209.8800048828125,1933.0899658203125,64827300.0,3117000.0
2019-05-02,205.8904571533203,1900.8199462890625,209.14999389648438,1900.8199462890625,212.64999389648438,1921.550048828125,208.1300048828125,1881.8699951171875,209.83999633789062,1913.3299560546875,31996300.0,3962900.0
2019-05-03,208.449951171875,1962.4599609375,211.75,1962.4599609375,211.83999633789062,1964.4000244140625,210.22999572753906,1936.0,210.88999938964844,1949.0,20892400.0,6381600.0
2019-05-06,205.2309112548828,1950.550048828125,208.47999572753906,1950.550048828125,208.83999633789062,1959.0,203.5,1910.5,204.2899932861328,1917.97998046875,32443100.0,5417800.0
2019-05-07,199.69850158691406,1921.0,202.86000061035156,1921.0,207.4199981689453,1949.0999755859375,200.8300018310547,1903.3800048828125,205.8800048828125,1939.989990234375,38763700.0,5902100.0
2019-05-08,199.73785400390625,1917.77001953125,202.89999389648438,1917.77001953125,205.33999633789062,1935.3699951171875,201.75,1910.0,201.89999389648438,1918.8699951171875,26339500.0,4078600.0
2019-05-09,197.59182739257812,1899.8699951171875,200.72000122070312,1899.8699951171875,201.67999267578125,1909.4000244140625,196.66000366210938,1876.0,200.39999389648438,1900.0,34908600.0,5308300.0
2019-05-10,194.85450744628906,1889.97998046875,197.17999267578125,1889.97998046875,198.85000610351562,1903.7900390625,192.77000427246094,1856.0,197.4199981689453,1898.0,41208700.0,5718000.0
2019-05-13,183.52967834472656,1822.6800537109375,185.72000122070312,1822.6800537109375,189.47999572753906,1846.5400390625,182.85000610351562,1818.0,187.7100067138672,1836.56005859375,57430600.0,5783400.0
2019-05-14,186.43499755859375,1840.1199951171875,188.66000366210938,1840.1199951171875,189.6999969482422,1852.43994140625,185.41000366210938,1815.75,186.41000366210938,1839.5,36529700.0,4629100.0
2019-05-15,188.6683349609375,1871.1500244140625,190.9199981689453,1871.1500244140625,191.75,1874.4300537109375,186.02000427246094,1823.0,186.27000427246094,1827.949951171875,26544700.0,4692600.0
2019-05-16,187.8382568359375,1907.5699462890625,190.0800018310547,1907.5699462890625,192.47000122070312,1917.510009765625,188.83999633789062,1882.2900390625,189.91000366210938,1885.93994140625,33031400.0,4707800.0
2019-05-17,186.77099609375,1869.0,189.0,1869.0,190.89999389648438,1910.530029296875,186.75999450683594,1867.3299560546875,186.92999267578125,1893.050048828125,32879100.0,4736600.0
2019-05-20,180.93069458007812,1858.969970703125,183.08999633789062,1858.969970703125,184.35000610351562,1867.780029296875,180.27999877929688,1835.5400390625,183.52000427246094,1852.68994140625,38612300.0,3798200.0
2019-05-21,184.39930725097656,1857.52001953125,186.60000610351562,1857.52001953125,188.0,1879.0,184.6999969482422,1846.0,185.22000122070312,1874.7900390625,28364800.0,4005100.0
2019-05-22,180.62432861328125,1859.6800537109375,182.77999877929688,1859.6800537109375,185.7100067138672,1871.489990234375,182.5500030517578,1851.0,184.66000366210938,1851.780029296875,29748600.0,2936600.0
2019-05-23,177.5411376953125,1815.47998046875,179.66000366210938,1815.47998046875,180.5399932861328,1844.0,177.80999755859375,1804.199951171875,179.8000030517578,1836.5899658203125,36529700.0,4424300.0
2019-05-24,176.85928344726562,1823.280029296875,178.97000122070312,1823.280029296875,182.13999938964844,1841.760009765625,178.6199951171875,1817.8499755859375,180.1999969482422,1835.8900146484375,23714700.0,3369700.0
2019-05-28,176.1280059814453,1836.4300537109375,178.22999572753906,1836.4300537109375,180.58999633789062,1849.27001953125,177.91000366210938,1827.3499755859375,178.9199981689453,1832.75,27948200.0,3200000.0
2019-05-29,175.28802490234375,1819.18994140625,177.3800048828125,1819.18994140625,179.35000610351562,1830.0,176.0,1807.530029296875,176.4199981689453,1823.1199951171875,28481200.0,4279000.0
2019-05-30,176.1971893310547,1816.3199462890625,178.3000030517578,1816.3199462890625,179.22999572753906,1829.469970703125,176.6699981689453,1807.8299560546875,177.9499969482422,1825.489990234375,21218400.0,3146900.0
2019-05-31,173.00527954101562,1775.0699462890625,175.07000732421875,1775.0699462890625,177.99000549316406,1795.5899658203125,174.99000549316406,1772.699951171875,176.22999572753906,1790.010009765625,27043600.0,4618800.0
2019-06-03,171.25613403320312,1692.68994140625,173.3000030517578,1692.68994140625,177.9199981689453,1766.2900390625,170.27000427246094,1672.0,175.60000610351562,1760.010009765625,40396100.0,9098700.0
2019-06-04,177.52137756347656,1729.56005859375,179.63999938964844,1729.56005859375,179.8300018310547,1730.8199462890625,174.52000427246094,1680.8900146484375,175.44000244140625,1699.239990234375,30968000.0,5679100.0
2019-06-05,180.38714599609375,1738.5,182.5399932861328,1738.5,184.99000549316406,1752.0,181.13999938964844,1715.25,184.27999877929688,1749.5999755859375,29773400.0,4239800.0
2019-06-06,183.0355682373047,1754.3599853515625,185.22000122070312,1754.3599853515625,185.47000122070312,1760.0,182.14999389648438,1726.1300048828125,183.0800018310547,1737.7099609375,22526300.0,3689300.0
2019-06-07,187.90740966796875,1804.030029296875,190.14999389648438,1804.030029296875,191.9199981689453,1806.25,185.77000427246094,1759.489990234375,186.50999450683594,1763.699951171875,30684400.0,4808200.0
2019-06-10,190.3087615966797,1860.6300048828125,192.5800018310547,1860.6300048828125,195.3699951171875,1884.8699951171875,191.6199951171875,1818.0,191.80999755859375,1822.0,26220900.0,5371000.0
2019-06-11,192.512451171875,1863.699951171875,194.80999755859375,1863.699951171875,196.0,1893.699951171875,193.60000610351562,1858.0,194.86000061035156,1883.25,26932900.0,4042700.0
2019-06-12,191.8997802734375,1855.3199462890625,194.19000244140625,1855.3199462890625,195.97000122070312,1865.0,193.38999938964844,1844.3800048828125,193.9499969482422,1853.97998046875,18221800.0,2674500.0
2019-06-13,191.8602294921875,1870.300048828125,194.14999389648438,1870.300048828125,196.7899932861328,1883.0899658203125,193.60000610351562,1862.219970703125,194.6999969482422,1866.719970703125,21674600.0,2795800.0
2019-06-14,190.4668731689453,1869.6700439453125,192.74000549316406,1869.6700439453125,193.58999633789062,1876.0,190.3000030517578,1859.0,191.5500030517578,1864.0,18761500.0,2851200.0
2019-06-17,191.6033172607422,1886.030029296875,193.88999938964844,1886.030029296875,194.9600067138672,1895.68994140625,192.1699981689453,1875.449951171875,192.89999389648438,1876.5,14669100.0,2634300.0
2019-06-18,196.10952758789062,1901.3699951171875,198.4499969482422,1901.3699951171875,200.2899932861328,1921.6700439453125,195.2100067138672,1899.7900390625,196.0500030517578,1901.3499755859375,26551000.0,3895700.0
2019-06-19,195.536376953125,1908.7900390625,197.8699951171875,1908.7900390625,199.8800048828125,1919.5799560546875,197.30999755859375,1892.469970703125,199.67999267578125,1907.8399658203125,21124200.0,2895300.0
2019-06-20,197.1076202392578,1918.18994140625,199.4600067138672,1918.18994140625,200.61000061035156,1935.199951171875,198.02999877929688,1905.800048828125,200.3699951171875,1933.3299560546875,21514000.0,3217200.0
2019-06-21,196.4356231689453,1911.300048828125,198.77999877929688,1911.300048828125,200.85000610351562,1925.949951171875,198.14999389648438,1907.5799560546875,198.8000030517578,1916.0999755859375,47800600.0,3933600.0
2019-06-24,196.2379913330078,1913.9000244140625,198.5800018310547,1913.9000244140625,200.16000366210938,1916.8599853515625,198.1699981689453,1901.300048828125,198.5399932861328,1912.6600341796875,18220400.0,2283000.0
2019-06-25,193.2635040283203,1878.27001953125,195.57000732421875,1878.27001953125,199.25999450683594,1916.3900146484375,195.2899932861328,1872.4200439453125,198.42999267578125,1911.8399658203125,21070300.0,3012300.0
2019-06-26,197.44361877441406,1897.8299560546875,199.8000030517578,1897.8299560546875,200.99000549316406,1903.800048828125,197.35000610351562,1887.3199462890625,197.77000427246094,1892.47998046875,26067500.0,2441900.0
2019-06-27,197.3843231201172,1904.280029296875,199.74000549316406,1904.280029296875,201.57000732421875,1911.239990234375,199.57000732421875,1898.0400390625,200.2899932861328,1902.0,20899700.0,2141700.0
2019-06-28,195.5857696533203,1893.6300048828125,197.9199981689453,1893.6300048828125,199.5,1912.93994140625,197.0500030517578,1884.0,198.67999267578125,1909.0999755859375,31110600.0,3037400.0
2019-07-01,199.17298889160156,1922.18994140625,201.5500030517578,1922.18994140625,204.49000549316406,1929.8199462890625,200.64999389648438,1914.6600341796875,203.1699981689453,1922.97998046875,27316700.0,3203300.0
2019-07-02,200.33905029296875,1934.31005859375,202.72999572753906,1934.31005859375,203.1300048828125,1934.7900390625,201.36000061035156,1906.6300048828125,201.41000366210938,1919.3800048828125,16935200.0,2645900.0
2019-07-03,201.99923706054688,1939.0,204.41000366210938,1939.0,204.44000244140625,1941.5899658203125,202.69000244140625,1930.5,203.27999877929688,1935.8900146484375,11362000.0,1690300.0
2019-07-05,201.82135009765625,1942.9100341796875,204.22999572753906,1942.9100341796875,205.0800018310547,1945.9000244140625,202.89999389648438,1925.300048828125,203.35000610351562,1928.5999755859375,17265500.0,2628400.0
2019-07-08,197.6610107421875,1952.3199462890625,200.02000427246094,1952.3199462890625,201.39999389648438,1956.0,198.41000366210938,1928.25,200.80999755859375,1934.1199951171875,25338600.0,2883400.0
2019-07-09,198.86663818359375,1988.300048828125,201.24000549316406,1988.300048828125,201.50999450683594,1990.010009765625,198.80999755859375,1943.47998046875,199.1999969482422,1947.800048828125,20578000.0,4345700.0
2019-07-10,200.83316040039062,2017.4100341796875,203.22999572753906,2017.4100341796875,203.72999572753906,2024.93994140625,201.55999755859375,1995.4000244140625,201.85000610351562,1996.510009765625,17897100.0,4931900.0
2019-07-11,199.37062072753906,2001.0699462890625,201.75,2001.0699462890625,204.38999938964844,2035.800048828125,201.7100067138672,1995.300048828125,203.30999755859375,2025.6199951171875,20191800.0,4317800.0
2019-07-12,200.90234375,2011.0,203.3000030517578,2011.0,204.0,2017.0,202.1999969482422,2003.8699951171875,202.4499969482422,2008.27001953125,17595200.0,2509300.0
2019-07-15,202.78981018066406,2020.989990234375,205.2100067138672,2020.989990234375,205.8699951171875,2022.9000244140625,204.0,2001.550048828125,204.08999633789062,2021.4000244140625,16947400.0,2981300.0
2019-07-16,202.0881805419922,2009.9000244140625,204.5,2009.9000244140625,206.11000061035156,2026.3199462890625,203.5,2001.219970703125,204.58999633789062,2010.5799560546875,16866800.0,2618200.0
2019-07-17,200.9517364501953,1992.030029296875,203.35000610351562,1992.030029296875,205.08999633789062,2012.0,203.27000427246094,1992.030029296875,204.0500030517578,2007.050048828125,14107500.0,2558800.0
2019-07-18,203.2344970703125,1977.9000244140625,205.66000366210938,1977.9000244140625,205.8800048828125,1987.5,203.6999969482422,1951.550048828125,204.0,1980.010009765625,18582200.0,3504300.0
2019-07-19,200.20069885253906,1964.52001953125,202.58999633789062,1964.52001953125,206.5,1996.0,202.36000061035156,1962.22998046875,205.7899932861328,1991.2099609375,20929300.0,3185600.0
2019-07-22,204.77610778808594,1985.6300048828125,207.22000122070312,1985.6300048828125,207.22999572753906,1989.0,203.61000061035156,1958.260009765625,203.64999389648438,1971.1400146484375,22277900.0,2900000.0
2019-07-23,206.37698364257812,1994.489990234375,208.83999633789062,1994.489990234375,208.91000366210938,1997.7900390625,207.2899932861328,1973.1300048828125,208.4600067138672,1995.989990234375,18355200.0,2703500.0
2019-07-24,206.20901489257812,2000.81005859375,208.6699981689453,2000.81005859375,209.14999389648438,2001.300048828125,207.1699981689453,1965.8699951171875,207.6699981689453,1969.300048828125,14991600.0,2631300.0
2019-07-25,204.57847595214844,1973.8199462890625,207.02000427246094,1973.8199462890625,209.24000549316406,2001.199951171875,206.72999572753906,1972.719970703125,208.88999938964844,2001.0,13909600.0,4136500.0
2019-07-26,205.28997802734375,1943.050048828125,207.74000549316406,1943.050048828125,209.72999572753906,1950.9000244140625,207.13999938964844,1924.510009765625,207.47999572753906,1942.0,17618900.0,4927100.0
2019-07-29,207.2070770263672,1912.449951171875,209.67999267578125,1912.449951171875,210.63999938964844,1932.22998046875,208.44000244140625,1890.5400390625,208.4600067138672,1930.0,21673400.0,4493200.0
2019-07-30,206.31768798828125,1898.530029296875,208.77999877929688,1898.530029296875,210.16000366210938,1909.8900146484375,207.30999755859375,1883.47998046875,208.75999450683594,1891.1199951171875,33935700.0,2910900.0
2019-07-31,210.5274658203125,1866.780029296875,213.0399932861328,1866.780029296875,221.3699951171875,1899.550048828125,211.3000030517578,1849.43994140625,216.4199981689453,1898.1099853515625,69281400.0,4470700.0
2019-08-01,205.97181701660156,1855.3199462890625,208.42999267578125,1855.3199462890625,218.02999877929688,1897.9200439453125,206.74000549316406,1844.010009765625,213.89999389648438,1871.719970703125,54017900.0,4713300.0
2019-08-02,201.6138458251953,1823.239990234375,204.02000427246094,1823.239990234375,206.42999267578125,1846.3599853515625,201.6300048828125,1808.02001953125,205.52999877929688,1845.0699462890625,40862100.0,4956200.0
2019-08-05,191.05978393554688,1765.1300048828125,193.33999633789062,1765.1300048828125,198.64999389648438,1788.6700439453125,192.5800018310547,1748.780029296875,197.99000549316406,1770.219970703125,52393000.0,6058200.0
2019-08-06,194.67662048339844,1787.8299560546875,197.0,1787.8299560546875,198.07000732421875,1793.77001953125,194.0399932861328,1753.4000244140625,196.30999755859375,1792.22998046875,35824800.0,5070300.0
2019-08-07,196.69256591796875,1793.4000244140625,199.0399932861328,1793.4000244140625,199.55999755859375,1798.9300537109375,193.82000732421875,1757.0,195.41000366210938,1773.989990234375,33364400.0,4526900.0
2019-08-08,201.03079223632812,1832.8900146484375,203.42999267578125,1832.8900146484375,203.52999877929688,1834.260009765625,199.38999938964844,1798.1099853515625,200.1999969482422,1806.0,27009500.0,3701200.0
2019-08-09,199.3742218017578,1807.5799560546875,200.99000549316406,1807.5799560546875,202.75999450683594,1831.0899658203125,199.2899932861328,1802.219970703125,201.3000030517578,1828.949951171875,24619700.0,2879800.0
2019-08-12,198.86831665039062,1784.9200439453125,200.47999572753906,1784.9200439453125,202.0500030517578,1800.97998046875,199.14999389648438,1777.0,199.6199951171875,1795.989990234375,22474900.0,2905500.0
2019-08-13,207.2900848388672,1824.3399658203125,208.97000122070312,1824.3399658203125,212.13999938964844,1831.739990234375,200.47999572753906,1780.0,201.02000427246094,1783.0,47218500.0,3994000.0
2019-08-14,201.1200714111328,1762.9599609375,202.75,1762.9599609375,206.44000244140625,1795.6500244140625,202.58999633789062,1757.219970703125,203.16000366210938,1793.010009765625,36547400.0,4893600.0
2019-08-15,200.11819458007812,1776.1199951171875,201.74000549316406,1776.1199951171875,205.13999938964844,1788.0,199.6699981689453,1761.9599609375,203.4600067138672,1781.989990234375,27227400.0,3759100.0
2019-08-16,204.8399200439453,1792.5699462890625,206.5,1792.5699462890625,207.16000366210938,1802.9100341796875,203.83999633789062,1784.550048828125,204.27999877929688,1792.8900146484375,27620400.0,3018000.0
2019-08-19,208.6589813232422,1816.1199951171875,210.35000610351562,1816.1199951171875,212.72999572753906,1826.0,210.02999877929688,1812.6099853515625,210.6199951171875,1818.0799560546875,24413600.0,2816300.0
2019-08-20,208.6688995361328,1801.3800048828125,210.36000061035156,1801.3800048828125,213.35000610351562,1816.8199462890625,210.32000732421875,1799.8800048828125,210.8800048828125,1814.5,26884300.0,1929500.0
2019-08-21,210.93057250976562,1823.5400390625,212.63999938964844,1823.5400390625,213.64999389648438,1829.5799560546875,211.60000610351562,1815.0,212.99000549316406,1819.3900146484375,21535400.0,2031800.0
2019-08-22,210.7520294189453,1804.6600341796875,212.4600067138672,1804.6600341796875,214.44000244140625,1829.4100341796875,210.75,1800.0999755859375,213.19000244140625,1828.0,22253700.0,2653500.0
2019-08-23,201.01097106933594,1749.6199951171875,202.63999938964844,1749.6199951171875,212.0500030517578,1804.9000244140625,201.0,1745.22998046875,209.42999267578125,1793.030029296875,46818000.0,5270800.0
2019-08-26,204.8300018310547,1768.8699951171875,206.49000549316406,1768.8699951171875,207.19000244140625,1770.0,205.05999755859375,1743.510009765625,205.86000061035156,1766.9100341796875,26043600.0,3080000.0
2019-08-27,202.51873779296875,1761.8299560546875,204.16000366210938,1761.8299560546875,208.5500030517578,1779.4000244140625,203.52999877929688,1746.6800537109375,207.86000061035156,1775.72998046875,25873300.0,3019700.0
2019-08-28,203.8777313232422,1764.25,205.52999877929688,1764.25,205.72000122070312,1767.8599853515625,203.32000732421875,1744.050048828125,204.10000610351562,1755.0,15938800.0,2419700.0
2019-08-29,207.32974243164062,1786.4000244140625,209.00999450683594,1786.4000244140625,209.32000732421875,1798.550048828125,206.66000366210938,1777.25,208.5,1783.0,20990500.0,3015100.0
2019-08-30,207.06192016601562,1776.2900390625,208.74000549316406,1776.2900390625,210.4499969482422,1799.739990234375,207.1999969482422,1764.5699462890625,210.16000366210938,1797.489990234375,21143400.0,3058700.0
2019-09-03,204.0463409423828,1789.8399658203125,205.6999969482422,1789.8399658203125,206.97999572753906,1800.800048828125,204.22000122070312,1768.0,206.42999267578125,1770.0,20023000.0,3543000.0
2019-09-04,207.50831604003906,1800.6199951171875,209.19000244140625,1800.6199951171875,209.47999572753906,1807.6300048828125,207.32000732421875,1796.22998046875,208.38999938964844,1805.0,19188100.0,2324100.0
2019-09-05,211.56541442871094,1840.719970703125,213.27999877929688,1840.719970703125,213.97000122070312,1842.0,211.50999450683594,1815.5799560546875,212.0,1821.949951171875,23913700.0,3310800.0
2019-09-06,211.5455780029297,1833.510009765625,213.25999450683594,1833.510009765625,214.4199981689453,1840.6500244140625,212.50999450683594,1826.4000244140625,214.0500030517578,1838.219970703125,19362300.0,2496900.0
2019-09-09,212.44827270507812,1831.3499755859375,214.1699981689453,1831.3499755859375,216.44000244140625,1850.0,211.07000732421875,1824.6099853515625,214.83999633789062,1841.0,27309400.0,2999500.0
2019-09-10,214.95791625976562,1820.550048828125,216.6999969482422,1820.550048828125,216.77999877929688,1825.81005859375,211.7100067138672,1805.3399658203125,213.86000061035156,1822.75,31777900.0,2613900.0
2019-09-11,221.79254150390625,1822.989990234375,223.58999633789062,1822.989990234375,223.7100067138672,1833.4200439453125,217.72999572753906,1809.0799560546875,218.07000732421875,1812.1400146484375,44289600.0,2432800.0
2019-09-12,221.2965545654297,1843.550048828125,223.08999633789062,1843.550048828125,226.4199981689453,1853.6600341796875,222.86000061035156,1834.280029296875,224.8000030517578,1837.6300048828125,32226700.0,2823500.0
2019-09-13,216.991455078125,1839.3399658203125,218.75,1839.3399658203125,220.7899932861328,1846.1199951171875,217.02000427246094,1835.1700439453125,220.0,1842.010009765625,39763300.0,1971300.0
2019-09-16,218.1322021484375,1807.8399658203125,219.89999389648438,1807.8399658203125,220.1300048828125,1825.68994140625,217.55999755859375,1800.199951171875,217.72999572753906,1824.02001953125,21158100.0,3675500.0
2019-09-17,218.92578125,1822.550048828125,220.6999969482422,1822.550048828125,220.82000732421875,1823.989990234375,219.1199951171875,1804.0999755859375,219.9600067138672,1807.0799560546875,18318700.0,1982400.0
2019-09-18,220.97914123535156,1817.4599609375,222.77000427246094,1817.4599609375,222.85000610351562,1822.06005859375,219.44000244140625,1795.5,221.05999755859375,1817.0400390625,25340000.0,2505600.0
2019-09-19,219.18370056152344,1821.5,220.9600067138672,1821.5,223.75999450683594,1832.5699462890625,220.3699951171875,1817.9000244140625,222.00999450683594,1821.02001953125,22060600.0,2031500.0
2019-09-20,215.97962951660156,1794.1600341796875,217.72999572753906,1794.1600341796875,222.55999755859375,1830.6300048828125,217.47000122070312,1780.9200439453125,221.3800048828125,1821.7099609375,55413100.0,5341900.0
2019-09-23,216.96168518066406,1785.300048828125,218.72000122070312,1785.300048828125,219.83999633789062,1792.699951171875,217.64999389648438,1767.3199462890625,218.9499969482422,1777.0,19165500.0,2922300.0
2019-09-24,215.93003845214844,1741.6099853515625,217.67999267578125,1741.6099853515625,222.49000549316406,1795.7099609375,217.19000244140625,1735.550048828125,221.02999877929688,1790.6099853515625,31190800.0,4616000.0
2019-09-25,219.25311279296875,1768.3299560546875,221.02999877929688,1768.3299560546875,221.5,1773.0,217.13999938964844,1723.0,218.5500030517578,1747.3599853515625,21903400.0,3493200.0
2019-09-26,218.12228393554688,1739.8399658203125,219.88999938964844,1739.8399658203125,220.94000244140625,1763.3699951171875,218.8300018310547,1731.5,220.0,1762.7900390625,18833500.0,3536800.0
2019-09-27,217.06089782714844,1725.449951171875,218.82000732421875,1725.449951171875,220.9600067138672,1749.1199951171875,217.27999877929688,1713.8199462890625,220.5399932861328,1748.0,25352000.0,3907200.0
2019-09-30,222.1694793701172,1735.9100341796875,223.97000122070312,1735.9100341796875,224.5800018310547,1737.4599609375,220.7899932861328,1709.219970703125,220.89999389648438,1726.989990234375,25977400.0,2644700.0
2019-10-01,222.7845001220703,1735.6500244140625,224.58999633789062,1735.6500244140625,228.22000122070312,1755.5999755859375,224.1999969482422,1728.4100341796875,225.07000732421875,1746.0,34805800.0,3084500.0
2019-10-02,217.19976806640625,1713.22998046875,218.9600067138672,1713.22998046875,223.5800018310547,1728.8900146484375,217.92999267578125,1705.0,223.05999755859375,1727.739990234375,34612300.0,3301100.0
2019-10-03,219.0447998046875,1724.4200439453125,220.82000732421875,1724.4200439453125,220.9600067138672,1725.0,215.1300048828125,1685.06005859375,218.42999267578125,1713.0,28606500.0,3468200.0
2019-10-04,225.18504333496094,1739.6500244140625,227.00999450683594,1739.6500244140625,227.49000549316406,1740.5799560546875,223.88999938964844,1719.22998046875,225.63999938964844,1726.02001953125,34619700.0,2471900.0
2019-10-07,225.23463439941406,1732.6600341796875,227.05999755859375,1732.6600341796875,229.92999267578125,1747.8299560546875,225.83999633789062,1723.699951171875,226.27000427246094,1731.6300048828125,30576500.0,2154700.0
2019-10-08,222.5960235595703,1705.510009765625,224.39999389648438,1705.510009765625,228.05999755859375,1727.0,224.3300018310547,1705.0,225.82000732421875,1722.489990234375,27955000.0,2542000.0
2019-10-09,225.20489501953125,1721.989990234375,227.02999877929688,1721.989990234375,227.7899932861328,1729.949951171875,225.63999938964844,1714.3599853515625,227.02999877929688,1719.6099853515625,18692600.0,2043500.0
2019-10-10,228.2402801513672,1720.260009765625,230.08999633789062,1720.260009765625,230.44000244140625,1738.2900390625,227.3000030517578,1713.75,227.92999267578125,1725.239990234375,28253400.0,2575200.0
2019-10-11,234.3110809326172,1731.9200439453125,236.2100067138672,1731.9200439453125,237.63999938964844,1745.449951171875,232.30999755859375,1729.8599853515625,232.9499969482422,1742.9200439453125,41698900.0,3255000.0
2019-10-14,233.97381591796875,1736.4300537109375,235.8699951171875,1736.4300537109375,238.1300048828125,1741.8900146484375,234.6699981689453,1722.0,234.89999389648438,1728.9100341796875,24106900.0,1910200.0
2019-10-15,233.42825317382812,1767.3800048828125,235.32000732421875,1767.3800048828125,237.64999389648438,1776.449951171875,234.8800048828125,1740.6199951171875,236.38999938964844,1742.1400146484375,21840000.0,3111700.0
2019-10-16,232.48587036132812,1777.4300537109375,234.3699951171875,1777.4300537109375,235.24000549316406,1786.239990234375,233.1999969482422,1770.52001953125,233.3699951171875,1773.3299560546875,18475800.0,2763400.0
2019-10-17,233.38856506347656,1787.47998046875,235.27999877929688,1787.47998046875,236.14999389648438,1798.8499755859375,233.52000427246094,1782.02001953125,235.08999633789062,1796.489990234375,16896300.0,2647400.0
2019-10-18,234.50949096679688,1757.510009765625,236.41000366210938,1757.510009765625,237.5800018310547,1793.97998046875,234.2899932861328,1749.199951171875,234.58999633789062,1787.800048828125,24358400.0,3362500.0
2019-10-21,238.57650756835938,1785.6600341796875,240.50999450683594,1785.6600341796875,240.99000549316406,1785.8800048828125,237.32000732421875,1765.0,237.52000427246094,1769.6600341796875,21811800.0,2130400.0
2019-10-22,238.03094482421875,1765.72998046875,239.9600067138672,1765.72998046875,242.1999969482422,1789.780029296875,239.6199951171875,1762.0,241.16000366210938,1788.1500244140625,20573400.0,2111700.0
2019-10-23,241.2250518798828,1762.1700439453125,243.17999267578125,1762.1700439453125,243.24000549316406,1770.050048828125,241.22000122070312,1742.0,242.10000610351562,1761.300048828125,18957200.0,2138200.0
2019-10-24,241.621826171875,1780.780029296875,243.5800018310547,1780.780029296875,244.8000030517578,1788.3399658203125,241.80999755859375,1760.27001953125,244.50999450683594,1771.0899658203125,17318800.0,4446100.0
2019-10-25,244.59771728515625,1761.3299560546875,246.5800018310547,1761.3299560546875,246.72999572753906,1764.2099609375,242.8800048828125,1695.0,243.16000366210938,1697.550048828125,18369300.0,9626400.0
2019-10-28,247.04786682128906,1777.0799560546875,249.0500030517578,1777.0799560546875,249.25,1778.699951171875,246.72000122070312,1742.5,247.4199981689453,1748.06005859375,24143200.0,3708900.0
2019-10-29,241.3341522216797,1762.7099609375,243.2899932861328,1762.7099609375,249.75,1777.0,242.57000732421875,1755.81005859375,248.97000122070312,1774.81005859375,35709900.0,2276900.0
2019-10-30,241.3043975830078,1779.989990234375,243.25999450683594,1779.989990234375,245.3000030517578,1782.3800048828125,241.2100067138672,1759.1199951171875,244.75999450683594,1760.239990234375,31130500.0,2449400.0
2019-10-31,246.76019287109375,1776.6600341796875,248.75999450683594,1776.6600341796875,249.1699981689453,1792.0,237.25999450683594,1771.47998046875,247.24000549316406,1775.989990234375,34790500.0,2781200.0
2019-11-01,253.76344299316406,1791.43994140625,255.82000732421875,1791.43994140625,255.92999267578125,1797.449951171875,249.16000366210938,1785.2099609375,249.5399932861328,1788.010009765625,37781300.0,2790400.0
2019-11-04,255.429931640625,1804.6600341796875,257.5,1804.6600341796875,257.8500061035156,1815.06005859375,255.3800048828125,1801.010009765625,257.3299865722656,1801.010009765625,25818000.0,2771900.0
2019-11-05,255.06292724609375,1801.7099609375,257.1300048828125,1801.7099609375,258.19000244140625,1810.25,256.32000732421875,1794.0,257.04998779296875,1809.1600341796875,19974400.0,1885500.0
2019-11-06,255.17201232910156,1795.77001953125,257.239990234375,1795.77001953125,257.489990234375,1802.5,255.3699951171875,1788.5799560546875,256.7699890136719,1801.0,18966100.0,2029800.0
2019-11-07,258.11700439453125,1788.199951171875,259.42999267578125,1788.199951171875,260.3500061035156,1805.9000244140625,258.1099853515625,1783.47998046875,258.739990234375,1803.760009765625,23735100.0,2651100.0
2019-11-08,258.8234558105469,1785.8800048828125,260.1400146484375,1785.8800048828125,260.44000244140625,1789.8800048828125,256.8500061035156,1774.0400390625,258.69000244140625,1787.8900146484375,17496600.0,2123300.0
2019-11-11,260.8730163574219,1771.6500244140625,262.20001220703125,1771.6500244140625,262.4700012207031,1780.0,258.2799987792969,1767.1300048828125,258.29998779296875,1778.0,20455300.0,1946000.0
2019-11-12,260.63421630859375,1778.0,261.9599914550781,1778.0,262.7900085449219,1786.219970703125,260.9200134277344,1771.9100341796875,261.54998779296875,1774.6600341796875,21847200.0,2037600.0
2019-11-13,263.13153076171875,1753.1099853515625,264.4700012207031,1753.1099853515625,264.7799987792969,1775.0,261.07000732421875,1747.3199462890625,261.1300048828125,1773.3900146484375,25683600.0,2989500.0
2019-11-14,261.310791015625,1754.5999755859375,262.6400146484375,1754.5999755859375,264.8800048828125,1766.5899658203125,262.1000061035156,1749.56005859375,263.75,1751.4300537109375,22295700.0,2264800.0
2019-11-15,264.4150085449219,1739.489990234375,265.760009765625,1739.489990234375,265.7799987792969,1761.6800537109375,263.010009765625,1732.8599853515625,263.67999267578125,1760.050048828125,25051600.0,3927600.0
2019-11-18,265.74822998046875,1752.530029296875,267.1000061035156,1752.530029296875,267.42999267578125,1753.699951171875,264.2300109863281,1722.7099609375,265.79998779296875,1738.300048828125,21675800.0,2839500.0
2019-11-19,264.94232177734375,1752.7900390625,266.2900085449219,1752.7900390625,268.0,1760.6800537109375,265.3900146484375,1743.030029296875,267.8999938964844,1756.989990234375,19041800.0,2270800.0
2019-11-20,261.8580322265625,1745.530029296875,263.19000244140625,1745.530029296875,266.0799865722656,1762.52001953125,260.3999938964844,1734.1199951171875,265.5400085449219,1749.1400146484375,26558600.0,2790000.0
2019-11-21,260.6839904785156,1734.7099609375,262.010009765625,1734.7099609375,264.010009765625,1746.8699951171875,261.17999267578125,1730.3599853515625,263.69000244140625,1743.0,30348800.0,2662900.0
2019-11-22,260.45513916015625,1745.719970703125,261.7799987792969,1745.719970703125,263.17999267578125,1746.4300537109375,260.8399963378906,1731.0,262.5899963378906,1739.02001953125,16331300.0,2479100.0
2019-11-25,265.02191162109375,1773.8399658203125,266.3699951171875,1773.8399658203125,266.44000244140625,1777.4200439453125,262.5199890136719,1753.239990234375,262.7099914550781,1753.25,21005100.0,3486200.0
2019-11-26,262.9524230957031,1796.93994140625,264.2900085449219,1796.93994140625,267.1600036621094,1797.030029296875,262.5,1778.3499755859375,266.94000244140625,1779.9200439453125,26301900.0,3181200.0
2019-11-27,266.4844665527344,1818.510009765625,267.8399963378906,1818.510009765625,267.9800109863281,1824.5,265.30999755859375,1797.31005859375,265.5799865722656,1801.0,16308900.0,3025600.0
2019-11-29,265.8974609375,1800.800048828125,267.25,1800.800048828125,268.0,1824.68994140625,265.8999938964844,1800.7900390625,266.6000061035156,1817.780029296875,11654400.0,1923400.0
2019-12-02,262.8230895996094,1781.5999755859375,264.1600036621094,1781.5999755859375,268.25,1805.550048828125,263.45001220703125,1762.6800537109375,267.2699890136719,1804.4000244140625,23621800.0,3925600.0
2019-12-03,258.136962890625,1769.9599609375,259.45001220703125,1769.9599609375,259.5299987792969,1772.8699951171875,256.2900085449219,1747.22998046875,258.30999755859375,1760.0,28607600.0,3380900.0
2019-12-04,260.41534423828125,1760.68994140625,261.739990234375,1760.68994140625,263.30999755859375,1789.0899658203125,260.67999267578125,1760.219970703125,261.07000732421875,1774.010009765625,16795400.0,2670100.0
2019-12-05,264.23590087890625,1740.47998046875,265.5799865722656,1740.47998046875,265.8900146484375,1763.5,262.7300109863281,1740.0,263.7900085449219,1763.5,18606100.0,2823800.0
2019-12-06,269.3399353027344,1751.5999755859375,270.7099914550781,1751.5999755859375,271.0,1754.4000244140625,267.29998779296875,1740.1300048828125,267.4800109863281,1751.199951171875,26518900.0,3117400.0
2019-12-09,265.5691223144531,1749.510009765625,266.9200134277344,1749.510009765625,270.79998779296875,1766.8900146484375,264.9100036621094,1745.6099853515625,270.0,1750.6600341796875,32010600.0,2442800.0
2019-12-10,267.1212463378906,1739.2099609375,268.4800109863281,1739.2099609375,270.07000732421875,1750.6700439453125,265.8599853515625,1735.0,268.6000061035156,1747.4000244140625,22605100.0,2514300.0
2019-12-11,269.399658203125,1748.719970703125,270.7699890136719,1748.719970703125,271.1000061035156,1750.0,268.5,1735.7099609375,268.80999755859375,1741.6700439453125,19689200.0,2097600.0
2019-12-12,270.0861511230469,1760.3299560546875,271.4599914550781,1760.3299560546875,272.55999755859375,1764.0,267.32000732421875,1745.43994140625,267.7799987792969,1750.0,34327600.0,3095900.0
2019-12-13,273.7574768066406,1760.93994140625,275.1499938964844,1760.93994140625,275.29998779296875,1768.989990234375,270.92999267578125,1755.0,271.4599914550781,1765.0,33396900.0,2745700.0
2019-12-16,278.443603515625,1769.2099609375,279.8599853515625,1769.2099609375,280.7900085449219,1769.5,276.9800109863281,1757.050048828125,277.0,1767.0,32046500.0,3145200.0
2019-12-17,278.9908752441406,1790.6600341796875,280.4100036621094,1790.6600341796875,281.7699890136719,1792.0,278.79998779296875,1777.3900146484375,279.57000732421875,1778.010009765625,28539600.0,3644400.0
2019-12-18,278.3242492675781,1784.030029296875,279.739990234375,1784.030029296875,281.8999938964844,1798.199951171875,279.1199951171875,1782.3599853515625,279.79998779296875,1795.02001953125,29007100.0,3351400.0
2019-12-19,278.6028137207031,1792.280029296875,280.0199890136719,1792.280029296875,281.17999267578125,1792.989990234375,278.95001220703125,1774.06005859375,279.5,1780.5,24592300.0,2652800.0
2019-12-20,278.0257568359375,1786.5,279.44000244140625,1786.5,282.6499938964844,1802.969970703125,278.55999755859375,1782.449951171875,282.2300109863281,1799.6199951171875,68994500.0,5150800.0
2019-12-23,282.56268310546875,1793.0,284.0,1793.0,284.25,1793.0,280.3699951171875,1784.510009765625,280.5299987792969,1788.260009765625,24643000.0,2136400.0
2019-12-24,282.831298828125,1789.2099609375,284.2699890136719,1789.2099609375,284.8900146484375,1795.5699462890625,282.9200134277344,1787.5799560546875,284.69000244140625,1793.81005859375,12119700.0,881300.0
2019-12-26,288.4427795410156,1868.77001953125,289.9100036621094,1868.77001953125,289.9800109863281,1870.4599609375,284.70001220703125,1799.5,284.82000732421875,1801.010009765625,23280300.0,6005400.0
2019-12-27,288.33331298828125,1869.800048828125,289.79998779296875,1869.800048828125,293.9700012207031,1901.4000244140625,288.1199951171875,1866.010009765625,291.1199951171875,1882.9200439453125,36566500.0,6186600.0
2019-12-30,290.04461669921875,1846.8900146484375,291.5199890136719,1846.8900146484375,292.69000244140625,1884.0,285.2200012207031,1840.6199951171875,289.4599914550781,1874.0,36028600.0,3674700.0
2019-12-31,292.163818359375,1847.8399658203125,293.6499938964844,1847.8399658203125,293.67999267578125,1853.260009765625,289.5199890136719,1832.22998046875,289.92999267578125,1842.0,25201400.0,2506500.0
2020-01-02,298.8299560546875,1898.010009765625,300.3500061035156,1898.010009765625,300.6000061035156,1898.010009765625,295.19000244140625,1864.1500244140625,296.239990234375,1875.0,33870100.0,4029000.0
2020-01-03,295.9247131347656,1874.969970703125,297.42999267578125,1874.969970703125,300.5799865722656,1886.199951171875,296.5,1864.5,297.1499938964844,1864.5,36580700.0,3764400.0
2020-01-06,298.28271484375,1902.8800048828125,299.79998779296875,1902.8800048828125,299.9599914550781,1903.68994140625,292.75,1860.0,293.7900085449219,1860.0,29596800.0,4061800.0
2020-01-07,296.8798828125,1906.8599853515625,298.3900146484375,1906.8599853515625,300.8999938964844,1913.8900146484375,297.4800109863281,1892.0400390625,299.8399963378906,1904.5,27218000.0,4044900.0
2020-01-08,301.6555480957031,1891.969970703125,303.19000244140625,1891.969970703125,304.44000244140625,1911.0,297.1600036621094,1886.43994140625,297.1600036621094,1898.0400390625,33019800.0,3508000.0
2020-01-09,308.06298828125,1901.050048828125,309.6300048828125,1901.050048828125,310.42999267578125,1917.8199462890625,306.20001220703125,1895.800048828125,307.239990234375,1909.8900146484375,42527100.0,3167300.0
2020-01-10,308.7593994140625,1883.1600341796875,310.3299865722656,1883.1600341796875,312.6700134277344,1906.93994140625,308.25,1880.0,310.6000061035156,1905.3699951171875,35161200.0,2853700.0
2020-01-13,315.3558654785156,1891.300048828125,316.9599914550781,1891.300048828125,317.07000732421875,1898.0,311.1499938964844,1880.800048828125,311.6400146484375,1891.31005859375,30383000.0,2780800.0
2020-01-14,311.0975341796875,1869.43994140625,312.67999267578125,1869.43994140625,317.57000732421875,1887.1099853515625,312.1700134277344,1858.550048828125,316.70001220703125,1885.8800048828125,40488600.0,3440900.0
2020-01-15,309.7643127441406,1862.02001953125,311.3399963378906,1862.02001953125,315.5,1878.8599853515625,309.54998779296875,1855.0899658203125,311.8500061035156,1872.25,30480900.0,2896600.0
2020-01-16,313.6445617675781,1877.93994140625,315.239990234375,1877.93994140625,315.70001220703125,1885.5899658203125,312.0899963378906,1866.02001953125,313.5899963378906,1882.989990234375,27207300.0,2659500.0
2020-01-17,317.116943359375,1864.719970703125,318.7300109863281,1864.719970703125,318.739990234375,1886.6400146484375,315.0,1857.25,316.2699890136719,1885.8900146484375,34454100.0,3997300.0
2020-01-21,314.9678649902344,1892.0,316.57000732421875,1892.0,319.0199890136719,1894.27001953125,316.0,1860.0,317.19000244140625,1865.0,27710800.0,3707800.0
2020-01-22,316.0921630859375,1887.4599609375,317.70001220703125,1887.4599609375,319.989990234375,1902.5,317.30999755859375,1883.3399658203125,318.5799865722656,1896.0899658203125,25458100.0,3216300.0
2020-01-23,317.6144104003906,1884.5799560546875,319.2300109863281,1884.5799560546875,319.55999755859375,1889.97998046875,315.6499938964844,1872.760009765625,317.9200134277344,1885.1099853515625,26118000.0,2484600.0
2020-01-24,316.69903564453125,1861.6400146484375,318.30999755859375,1861.6400146484375,323.3299865722656,1894.989990234375,317.5199890136719,1847.43994140625,320.25,1891.3699951171875,36634400.0,3766200.0
2020-01-27,307.38641357421875,1828.3399658203125,308.95001220703125,1828.3399658203125,311.7699890136719,1841.0,304.8800048828125,1815.3399658203125,310.05999755859375,1820.0,40485000.0,3528500.0
2020-01-28,316.0821838378906,1853.25,317.69000244140625,1853.25,318.3999938964844,1858.1099853515625,312.19000244140625,1830.02001953125,312.6000061035156,1840.5,40558500.0,2808000.0
2020-01-29,322.6985168457031,1858.0,324.3399963378906,1858.0,327.8500061035156,1874.75,321.3800048828125,1855.02001953125,324.45001220703125,1864.0,54057300.0,2088000.0
2020-01-30,322.23089599609375,1870.6800537109375,323.8699951171875,1870.6800537109375,324.0899963378906,1872.8699951171875,318.75,1850.6099853515625,320.5400085449219,1858.0,31685800.0,6327400.0
2020-01-31,307.943603515625,2008.719970703125,309.510009765625,2008.719970703125,322.67999267578125,2055.719970703125,308.2900085449219,2002.27001953125,320.92999267578125,2051.469970703125,49897100.0,15567300.0
2020-02-03,307.097900390625,2004.199951171875,308.6600036621094,2004.199951171875,313.489990234375,2048.5,302.2200012207031,2000.25,304.29998779296875,2010.5999755859375,43496400.0,5899100.0
2020-02-04,317.2362976074219,2049.669921875,318.8500061035156,2049.669921875,319.6400146484375,2059.800048828125,313.6300048828125,2015.3699951171875,315.30999755859375,2029.8800048828125,34154100.0,5289300.0
2020-02-05,319.82318115234375,2039.8699951171875,321.45001220703125,2039.8699951171875,324.760009765625,2071.02001953125,318.95001220703125,2032.0,323.5199890136719,2071.02001953125,29706700.0,4376200.0
2020-02-06,323.5641174316406,2050.22998046875,325.2099914550781,2050.22998046875,325.2200012207031,2056.300048828125,320.260009765625,2024.800048828125,322.57000732421875,2041.02001953125,26356400.0,3183000.0
2020-02-07,319.166015625,2079.280029296875,320.0299987792969,2079.280029296875,323.3999938964844,2098.530029296875,318.0,2038.0999755859375,322.3699951171875,2041.989990234375,29421000.0,5095300.0
2020-02-10,320.6819152832031,2133.909912109375,321.54998779296875,2133.909912109375,321.54998779296875,2135.60009765625,313.8500061035156,2084.9599609375,314.17999267578125,2085.010009765625,27337200.0,5056200.0
2020-02-11,318.74713134765625,2150.800048828125,319.6099853515625,2150.800048828125,323.8999938964844,2185.949951171875,318.7099914550781,2136.0,323.6000061035156,2150.89990234375,23580800.0,5746000.0
2020-02-12,326.3166809082031,2160.0,327.20001220703125,2160.0,327.2200012207031,2180.25,321.4700012207031,2155.2900390625,321.4700012207031,2163.199951171875,28432600.0,3334300.0
2020-02-13,323.9929504394531,2149.8701171875,324.8699951171875,2149.8701171875,326.2200012207031,2170.280029296875,323.3500061035156,2142.0,324.19000244140625,2144.989990234375,23686900.0,3031800.0
2020-02-14,324.07275390625,2134.8701171875,324.95001220703125,2134.8701171875,325.9800109863281,2159.0400390625,322.8500061035156,2125.889892578125,324.739990234375,2155.679931640625,20028400.0,2606200.0
2020-02-18,318.1387939453125,2155.669921875,319.0,2155.669921875,319.75,2166.070068359375,314.6099853515625,2124.110107421875,315.3599853515625,2125.02001953125,38132800.0,2945600.0
2020-02-19,322.746337890625,2170.219970703125,323.6199951171875,2170.219970703125,324.57000732421875,2185.10009765625,320.0,2161.1201171875,320.0,2167.800048828125,23496000.0,2561200.0
2020-02-20,319.4352722167969,2153.10009765625,320.29998779296875,2153.10009765625,324.6499938964844,2176.7900390625,318.2099914550781,2127.449951171875,322.6300048828125,2173.070068359375,25141500.0,3131300.0
2020-02-21,312.2048645019531,2095.969970703125,313.04998779296875,2095.969970703125,320.45001220703125,2144.550048828125,310.5,2088.0,318.6199951171875,2142.14990234375,32388500.0,4646300.0
2020-02-24,297.375,2009.2900390625,298.17999267578125,2009.2900390625,304.17999267578125,2039.300048828125,289.2300109863281,1987.969970703125,297.260009765625,2003.1800537109375,55548800.0,6547000.0
2020-02-25,287.3022766113281,1972.739990234375,288.0799865722656,1972.739990234375,302.5299987792969,2034.5999755859375,286.1300048828125,1958.4200439453125,300.95001220703125,2026.4200439453125,57668400.0,6219100.0
2020-02-26,291.85992431640625,1979.5899658203125,292.6499938964844,1979.5899658203125,297.8800048828125,2014.6700439453125,286.5,1960.449951171875,286.5299987792969,1970.280029296875,49513700.0,5224600.0
2020-02-27,272.7815856933594,1884.300048828125,273.5199890136719,1884.300048828125,286.0,1975.0,272.9599914550781,1882.760009765625,281.1000061035156,1934.3800048828125,79834500.0,8112100.0
2020-02-28,272.62200927734375,1883.75,273.3599853515625,1883.75,278.4100036621094,1889.760009765625,256.3699951171875,1811.1300048828125,257.260009765625,1814.6300048828125,106721200.0,9493800.0
2020-03-02,298.0032958984375,1953.949951171875,298.80999755859375,1953.949951171875,301.44000244140625,1954.510009765625,277.7200012207031,1870.0,282.2799987792969,1906.489990234375,85349300.0,6761700.0
2020-03-03,288.5389404296875,1908.989990234375,289.32000732421875,1908.989990234375,304.0,1996.3299560546875,285.79998779296875,1888.0899658203125,303.6700134277344,1975.3699951171875,79868900.0,7534500.0
2020-03-04,301.9226989746094,1975.8299560546875,302.739990234375,1975.8299560546875,303.3999938964844,1978.0,293.1300048828125,1922.0,296.44000244140625,1946.5699462890625,54794600.0,4772900.0
2020-03-05,292.12921142578125,1924.030029296875,292.9200134277344,1924.030029296875,299.54998779296875,1960.719970703125,291.4100036621094,1910.0,295.5199890136719,1933.0,46893200.0,4748200.0
2020-03-06,288.2497253417969,1901.0899658203125,289.0299987792969,1901.0899658203125,290.82000732421875,1910.8699951171875,281.2300109863281,1869.5,282.0,1875.0,56544200.0,5273600.0
2020-03-09,265.4514465332031,1800.6099853515625,266.1700134277344,1800.6099853515625,278.0899963378906,1862.77001953125,263.0,1761.2900390625,263.75,1773.8599853515625,71686200.0,7813200.0
2020-03-10,284.5696716308594,1891.8199462890625,285.3399963378906,1891.8199462890625,286.44000244140625,1894.27001953125,269.3699951171875,1818.1700439453125,277.1400146484375,1870.8800048828125,71322500.0,7133300.0
2020-03-11,274.6864318847656,1820.8599853515625,275.42999267578125,1820.8599853515625,281.2200012207031,1871.3199462890625,271.8599853515625,1801.5,277.3900146484375,1857.8499755859375,63899700.0,5624800.0
2020-03-12,247.5598602294922,1676.6099853515625,248.22999572753906,1676.6099853515625,270.0,1765.0,248.0,1675.0,255.94000244140625,1721.97998046875,104618500.0,11346200.0
2020-03-13,277.2195739746094,1785.0,277.9700012207031,1785.0,279.9200134277344,1786.31005859375,252.9499969482422,1680.6199951171875,264.8900146484375,1755.0,92683000.0,8809700.0
2020-03-16,241.55612182617188,1689.1500244140625,242.2100067138672,1689.1500244140625,259.0799865722656,1759.449951171875,240.0,1626.030029296875,241.9499969482422,1641.510009765625,80605900.0,8917300.0
2020-03-17,252.1773681640625,1807.8399658203125,252.86000061035156,1807.8399658203125,257.6099853515625,1857.780029296875,238.39999389648438,1689.239990234375,247.50999450683594,1775.469970703125,81014000.0,10917100.0
2020-03-18,246.0040740966797,1830.0,246.6699981689453,1830.0,250.0,1841.6600341796875,237.1199951171875,1745.0,239.77000427246094,1750.0,75058400.0,9645200.0
2020-03-19,244.11917114257812,1880.9300537109375,244.77999877929688,1880.9300537109375,252.83999633789062,1945.0,242.61000061035156,1832.6500244140625,247.38999938964844,1860.0,67964300.0,10399900.0
2020-03-20,228.6211395263672,1846.0899658203125,229.24000549316406,1846.0899658203125,251.8300018310547,1957.0,228.0,1820.72998046875,247.17999267578125,1926.31005859375,100423300.0,9817900.0
2020-03-23,223.76426696777344,1902.8299560546875,224.3699951171875,1902.8299560546875,228.5,1919.4000244140625,212.61000061035156,1812.0,228.0800018310547,1827.75,84188200.0,7808500.0
2020-03-24,246.21351623535156,1940.0999755859375,246.8800048828125,1940.0999755859375,247.69000244140625,1955.0,234.3000030517578,1900.3399658203125,236.36000061035156,1951.5,71882800.0,7147100.0
2020-03-25,244.857177734375,1885.8399658203125,245.52000427246094,1885.8399658203125,258.25,1950.260009765625,244.3000030517578,1885.780029296875,250.75,1920.68994140625,75900500.0,6479100.0
2020-03-26,257.7423095703125,1955.489990234375,258.44000244140625,1955.489990234375,258.67999267578125,1956.489990234375,246.36000061035156,1889.2900390625,246.52000427246094,1902.0,63021800.0,6221300.0
2020-03-27,247.07118225097656,1900.0999755859375,247.74000549316406,1900.0999755859375,255.8699951171875,1939.7900390625,247.0500030517578,1899.9200439453125,252.75,1930.8599853515625,51054200.0,5387900.0
2020-03-30,254.12210083007812,1963.949951171875,254.80999755859375,1963.949951171875,255.52000427246094,1973.6300048828125,249.39999389648438,1912.3399658203125,250.74000549316406,1922.8299560546875,41994100.0,6126100.0
2020-03-31,253.60350036621094,1949.719970703125,254.2899932861328,1949.719970703125,262.489990234375,1993.02001953125,252.0,1944.010009765625,255.60000610351562,1964.3499755859375,49250500.0,5123600.0
2020-04-01,240.25962829589844,1907.699951171875,240.91000366210938,1907.699951171875,248.72000122070312,1944.9599609375,239.1300048828125,1893.0,246.5,1932.969970703125,44054600.0,4121900.0
2020-04-02,244.26876831054688,1918.8299560546875,244.92999267578125,1918.8299560546875,245.14999389648438,1927.530029296875,236.89999389648438,1890.0,240.33999633789062,1901.6400146484375,41483500.0,4336000.0
2020-04-03,240.75827026367188,1906.5899658203125,241.41000366210938,1906.5899658203125,245.6999969482422,1926.3299560546875,238.97000122070312,1889.1500244140625,242.8000030517578,1911.1500244140625,32470000.0,3609900.0
2020-04-06,261.76141357421875,1997.5899658203125,262.4700012207031,1997.5899658203125,263.1099853515625,1998.52001953125,249.3800048828125,1930.02001953125,250.89999389648438,1936.0,50455100.0,5773200.0
2020-04-07,258.7296142578125,2011.5999755859375,259.42999267578125,2011.5999755859375,271.70001220703125,2035.719970703125,259.0,1997.6199951171875,270.79998779296875,2017.1099853515625,50721800.0,5114000.0
2020-04-08,265.3517150878906,2043.0,266.07000732421875,2043.0,267.3699951171875,2044.0,261.2300109863281,2011.1500244140625,262.739990234375,2021.0,42223800.0,3977300.0
2020-04-09,267.2665100097656,2042.760009765625,267.989990234375,2042.760009765625,270.07000732421875,2053.0,264.70001220703125,2017.6600341796875,268.70001220703125,2044.300048828125,40529100.0,4655600.0
2020-04-13,272.5123291015625,2168.8701171875,273.25,2168.8701171875,273.70001220703125,2180.0,265.8299865722656,2038.0,268.30999755859375,2040.0,32755700.0,6716700.0
2020-04-14,286.2750549316406,2283.320068359375,287.04998779296875,2283.320068359375,288.25,2292.0,278.04998779296875,2186.2099609375,280.0,2200.469970703125,48748700.0,8087200.0
2020-04-15,283.6621398925781,2307.679931640625,284.42999267578125,2307.679931640625,286.3299865722656,2333.3701171875,280.6300048828125,2245.0,282.3999938964844,2257.679931640625,32788600.0,6866600.0
2020-04-16,285.9160461425781,2408.18994140625,286.69000244140625,2408.18994140625,288.20001220703125,2461.0,282.3500061035156,2335.0,287.3800048828125,2346.0,39281300.0,12038200.0
2020-04-17,282.0365295410156,2375.0,282.79998779296875,2375.0,286.95001220703125,2400.0,276.8599853515625,2316.02001953125,284.69000244140625,2372.330078125,53812500.0,7930000.0
2020-04-20,276.182373046875,2393.610107421875,276.92999267578125,2393.610107421875,281.67999267578125,2444.97998046875,276.8500061035156,2386.050048828125,277.95001220703125,2389.949951171875,32503800.0,5770700.0
2020-04-21,267.6454772949219,2328.1201171875,268.3699951171875,2328.1201171875,277.25,2428.31005859375,265.42999267578125,2279.659912109375,276.2799987792969,2416.610107421875,45247900.0,7476700.0
2020-04-22,275.3546142578125,2363.489990234375,276.1000061035156,2363.489990234375,277.8999938964844,2394.0,272.20001220703125,2351.0,273.6099853515625,2369.0,29264300.0,4218300.0
2020-04-23,274.2875061035156,2399.449951171875,275.0299987792969,2399.449951171875,281.75,2424.219970703125,274.8699951171875,2382.080078125,275.8699951171875,2399.97998046875,31203600.0,5066600.0
2020-04-24,282.2060852050781,2410.219970703125,282.9700012207031,2410.219970703125,283.010009765625,2420.429931640625,277.0,2382.0,277.20001220703125,2417.0,31627200.0,3831800.0
2020-04-27,282.4055480957031,2376.0,283.1700134277344,2376.0,284.5400085449219,2444.8798828125,279.95001220703125,2363.0,281.79998779296875,2443.199951171875,29271900.0,5645600.0
2020-04-28,277.8279113769531,2314.080078125,278.5799865722656,2314.080078125,285.8299865722656,2373.5,278.20001220703125,2306.0,285.0799865722656,2372.10009765625,28001200.0,5269400.0
2020-04-29,286.9532470703125,2372.7099609375,287.7300109863281,2372.7099609375,289.6700134277344,2391.889892578125,283.8900146484375,2310.0,284.7300109863281,2330.010009765625,34320200.0,4591600.0
2020-04-30,293.0068359375,2474.0,293.79998779296875,2474.0,294.5299987792969,2475.0,288.3500061035156,2396.010009765625,289.9599914550781,2419.840087890625,45457600.0,9415000.0
2020-05-01,288.28961181640625,2286.0400390625,289.07000732421875,2286.0400390625,299.0,2362.43994140625,285.8500061035156,2258.18994140625,286.25,2336.800048828125,60154200.0,9772600.0
2020-05-04,292.3685607910156,2315.989990234375,293.1600036621094,2315.989990234375,293.69000244140625,2326.97998046875,286.32000732421875,2256.3798828125,289.1700134277344,2256.3798828125,33392000.0,4865900.0
2020-05-05,296.7566833496094,2317.800048828125,297.55999755859375,2317.800048828125,301.0,2351.0,294.4599914550781,2307.1298828125,295.05999755859375,2340.0,36937800.0,3242500.0
2020-05-06,299.8183898925781,2351.260009765625,300.6300048828125,2351.260009765625,303.239990234375,2357.449951171875,298.8699951171875,2320.0,300.4599914550781,2329.43994140625,35583400.0,3117800.0
2020-05-07,302.91998291015625,2367.610107421875,303.739990234375,2367.610107421875,305.1700134277344,2376.0,301.9700012207031,2343.110107421875,303.2200012207031,2374.780029296875,28803800.0,3396400.0
2020-05-08,310.1300048828125,2379.610107421875,310.1300048828125,2379.610107421875,310.3500061035156,2387.239990234375,304.2900085449219,2357.0,305.6400146484375,2372.139892578125,33512000.0,3211200.0
2020-05-11,315.010009765625,2409.0,315.010009765625,2409.0,317.04998779296875,2419.669921875,307.239990234375,2372.110107421875,308.1000061035156,2374.699951171875,36405900.0,3253700.0
2020-05-12,311.4100036621094,2356.949951171875,311.4100036621094,2356.949951171875,319.69000244140625,2419.0,310.9100036621094,2355.0,317.8299865722656,2411.85009765625,40575300.0,3074900.0
2020-05-13,307.6499938964844,2367.919921875,307.6499938964844,2367.919921875,315.95001220703125,2407.699951171875,303.2099914550781,2337.800048828125,312.1499938964844,2366.800048828125,50155600.0,4782900.0
2020-05-14,309.5400085449219,2388.85009765625,309.5400085449219,2388.85009765625,309.7900085449219,2391.3701171875,301.5299987792969,2353.2099609375,304.510009765625,2361.010009765625,39732300.0,3648100.0
2020-05-15,307.7099914550781,2409.780029296875,307.7099914550781,2409.780029296875,307.8999938964844,2411.0,300.2099914550781,2356.3701171875,300.3500061035156,2368.52001953125,41587100.0,4235000.0
2020-05-18,314.9599914550781,2426.260009765625,314.9599914550781,2426.260009765625,316.5,2433.0,310.32000732421875,2384.010009765625,313.1700134277344,2404.35009765625,33843100.0,4366600.0
2020-05-19,313.1400146484375,2449.330078125,313.1400146484375,2449.330078125,318.5199890136719,2485.0,313.010009765625,2428.969970703125,315.0299987792969,2429.830078125,25432400.0,4320500.0
2020-05-20,319.2300109863281,2497.93994140625,319.2300109863281,2497.93994140625,319.5199890136719,2500.010009765625,316.5199890136719,2467.27001953125,316.67999267578125,2477.8701171875,27876200.0,3998100.0
2020-05-21,316.8500061035156,2446.739990234375,316.8500061035156,2446.739990234375,320.8900146484375,2525.449951171875,315.8699951171875,2442.5400390625,318.6600036621094,2500.0,25672200.0,5114400.0
2020-05-22,318.8900146484375,2436.8798828125,318.8900146484375,2436.8798828125,319.2300109863281,2469.85009765625,315.3500061035156,2430.1298828125,315.7699890136719,2455.010009765625,20450800.0,2867100.0
2020-05-26,316.7300109863281,2421.860107421875,316.7300109863281,2421.860107421875,324.239990234375,2462.0,316.5,2414.06005859375,323.5,2458.0,31380500.0,3568200.0
2020-05-27,318.1099853515625,2410.389892578125,318.1099853515625,2410.389892578125,318.7099914550781,2413.580078125,313.0899963378906,2330.0,316.1400146484375,2404.989990234375,28236300.0,5056900.0
2020-05-28,318.25,2401.10009765625,318.25,2401.10009765625,323.44000244140625,2436.969970703125,315.6300048828125,2378.22998046875,316.7699890136719,2384.330078125,33390200.0,3190200.0
2020-05-29,317.94000244140625,2442.3701171875,317.94000244140625,2442.3701171875,321.1499938964844,2442.3701171875,316.4700012207031,2398.199951171875,319.25,2415.93994140625,38399500.0,3529300.0
2020-06-01,321.8500061035156,2471.0400390625,321.8500061035156,2471.0400390625,322.3500061035156,2476.929931640625,317.2099914550781,2444.169921875,317.75,2448.0,20197800.0,2928900.0
2020-06-02,323.3399963378906,2472.409912109375,323.3399963378906,2472.409912109375,323.44000244140625,2473.530029296875,318.92999267578125,2445.31005859375,320.75,2467.0,21910700.0,2529900.0
2020-06-03,325.1199951171875,2478.39990234375,325.1199951171875,2478.39990234375,326.20001220703125,2488.0,322.29998779296875,2461.169921875,324.6600036621094,2468.010009765625,26122800.0,2671000.0
2020-06-04,322.32000732421875,2460.60009765625,322.32000732421875,2460.60009765625,325.6199951171875,2507.5400390625,320.7799987792969,2450.010009765625,324.3900146484375,2477.429931640625,21890100.0,2948700.0
2020-06-05,331.5,2483.0,331.5,2483.0,331.75,2488.64990234375,323.2300109863281,2437.1298828125,323.3500061035156,2444.510009765625,34289200.0,3304000.0
