Attributes,Adj Close,Adj Close,Close,Close,High,High,Low,Low,Open,Open,Volume,Volume
Symbols,IBM,SNE,IBM,SNE,IBM,SNE,IBM,SNE,IBM,SNE,IBM,SNE
Date,,,,,,,,,,,,
2019-01-07,110.10086059570312,49.354454040527344,118.1500015258789,49.720001220703125,118.83000183105469,50.310001373291016,116.66999816894531,49.43000030517578,117.5,49.459999084472656,3751200.0,674000.0
2019-01-08,111.6664047241211,49.52320098876953,119.83000183105469,49.88999938964844,120.56999969482422,50.2599983215332,118.9800033569336,49.40999984741211,119.66000366210938,50.150001525878906,4763600.0,1033000.0
2019-01-09,112.46781921386719,49.56290817260742,120.69000244140625,49.93000030517578,121.4000015258789,50.130001068115234,119.87000274658203,49.31999969482422,120.91000366210938,49.810001373291016,3633700.0,658900.0
2019-01-10,113.49288177490234,48.739009857177734,121.79000091552734,49.099998474121094,121.86000061035156,49.119998931884766,119.94999694824219,48.5,120.08000183105469,48.68000030517578,3910000.0,1067000.0
2019-01-11,113.18537139892578,48.61989212036133,121.45999908447266,48.97999954223633,121.62000274658203,49.08000183105469,120.19999694824219,48.77000045776367,121.58000183105469,48.880001068115234,3722400.0,591000.0
2019-01-14,112.1882553100586,48.06400680541992,120.38999938964844,48.41999816894531,120.6500015258789,48.7400016784668,119.76000213623047,48.29999923706055,120.51000213623047,48.70000076293945,5228700.0,735900.0
2019-01-15,113.43697357177734,49.473567962646484,121.7300033569336,49.84000015258789,121.93000030517578,50.130001068115234,120.81999969482422,49.599998474121094,120.95999908447266,49.63999938964844,3507500.0,985800.0
2019-01-16,113.33446502685547,49.245262145996094,121.62000274658203,49.61000061035156,122.0,49.91999816894531,120.83000183105469,49.47999954223633,121.58000183105469,49.58000183105469,3841100.0,880800.0
2019-01-17,113.86563873291016,49.14599609375,122.19000244140625,49.5099983215332,122.41000366210938,49.7599983215332,120.55000305175781,48.86000061035156,120.55999755859375,49.029998779296875,5029900.0,708700.0
2019-01-18,115.38458251953125,49.811073303222656,123.81999969482422,50.18000030517578,124.72000122070312,50.36000061035156,122.70999908447266,49.790000915527344,123.2699966430664,50.11000061035156,6008500.0,889400.0
2019-01-22,114.17314147949219,48.113643646240234,122.5199966430664,48.470001220703125,123.80000305175781,49.150001525878906,121.54000091552734,48.18000030517578,123.30000305175781,49.040000915527344,10052400.0,901800.0
2019-01-23,123.83668518066406,48.10371780395508,132.88999938964844,48.459999084472656,135.0,49.119998931884766,130.30999755859375,48.09000015258789,131.3699951171875,49.02000045776367,22063700.0,803200.0
2019-01-24,123.5011978149414,48.01437759399414,132.52999877929688,48.369998931884766,133.2100067138672,48.40999984741211,131.42999267578125,47.97999954223633,132.6300048828125,48.13999938964844,6322900.0,886900.0
2019-01-25,124.84309387207031,48.40150833129883,133.97000122070312,48.7599983215332,134.44000244140625,49.0099983215332,132.42999267578125,48.65999984741211,132.8699951171875,48.93000030517578,5707400.0,782200.0
2019-01-28,125.12267303466797,48.47100067138672,134.27000427246094,48.83000183105469,134.80999755859375,48.93000030517578,132.5800018310547,48.20000076293945,133.10000610351562,48.52000045776367,5357700.0,743800.0
2019-01-29,125.17855834960938,48.42136001586914,134.3300018310547,48.779998779296875,135.41000366210938,49.11000061035156,133.60000610351562,48.630001068115234,134.2899932861328,49.040000915527344,5037100.0,674200.0
2019-01-30,125.22516632080078,48.83827590942383,134.3800048828125,49.20000076293945,135.02999877929688,49.2599983215332,133.25,48.310001373291016,134.0,48.779998779296875,4500900.0,922100.0
2019-01-31,125.26243591308594,49.75151062011719,134.4199981689453,50.119998931884766,134.72000122070312,50.540000915527344,133.74000549316406,49.689998626708984,134.4499969482422,50.040000915527344,4884000.0,1583600.0
2019-02-01,124.9642562866211,45.810699462890625,134.10000610351562,46.150001525878906,135.1999969482422,50.040000915527344,133.35000610351562,45.119998931884766,134.97000122070312,50.0,3806000.0,6962800.0
2019-02-04,125.97998809814453,45.94967269897461,135.19000244140625,46.290000915527344,135.1999969482422,46.41999816894531,132.99000549316406,45.810001373291016,134.02000427246094,45.88999938964844,3966600.0,1977200.0
2019-02-05,126.3154525756836,45.52283477783203,135.5500030517578,45.86000061035156,135.82000732421875,46.220001220703125,134.9199981689453,45.7599983215332,135.27999877929688,46.20000076293945,5398900.0,1609500.0
2019-02-06,127.03299713134766,43.89488983154297,136.32000732421875,44.220001220703125,136.64999389648438,44.66999816894531,135.1699981689453,43.97999954223633,135.22000122070312,44.4900016784668,4879700.0,2822500.0
2019-02-07,125.56234741210938,42.7434196472168,133.19000244140625,43.060001373291016,134.47000122070312,43.150001525878906,132.1199951171875,42.43000030517578,133.5500030517578,42.93000030517578,4379400.0,3049100.0
2019-02-08,126.05256652832031,43.96437454223633,133.7100067138672,44.290000915527344,133.7100067138672,44.5,132.19000244140625,43.66999816894531,132.33999633789062,44.400001525878906,3249800.0,2078500.0
2019-02-11,126.31653594970703,44.262168884277344,133.99000549316406,44.59000015258789,135.14999389648438,44.709999084472656,133.91000366210938,44.20000076293945,134.2899932861328,44.5099983215332,3095100.0,2044900.0
2019-02-12,128.25856018066406,43.954444885253906,136.0500030517578,44.279998779296875,136.1999969482422,44.4900016784668,134.86000061035156,44.029998779296875,135.14999389648438,44.029998779296875,3317200.0,1154100.0
2019-02-13,129.6443634033203,44.72871398925781,137.52000427246094,45.060001373291016,137.9199981689453,45.34000015258789,136.41000366210938,44.47999954223633,136.9199981689453,44.529998779296875,4253000.0,1470200.0
2019-02-14,128.66392517089844,44.788272857666016,136.47999572753906,45.119998931884766,137.60000610351562,45.40999984741211,136.2100067138672,44.939998626708984,137.1699981689453,45.0,2789400.0,730100.0
2019-02-15,130.1251678466797,45.453346252441406,138.02999877929688,45.790000915527344,138.19000244140625,46.04999923706055,137.38999938964844,45.52000045776367,137.5800018310547,45.54999923706055,3844100.0,1445400.0
2019-02-19,130.7567901611328,45.88018798828125,138.6999969482422,46.220001220703125,138.6999969482422,46.4900016784668,137.36000061035156,46.119998931884766,137.80999755859375,46.220001220703125,3385700.0,1662900.0
2019-02-20,130.09689331054688,46.53533172607422,138.0,46.880001068115234,139.24000549316406,47.5,137.22000122070312,46.650001525878906,138.75999450683594,47.45000076293945,3802000.0,2226800.0
2019-02-21,129.94602966308594,47.28974533081055,137.83999633789062,47.63999938964844,138.35000610351562,48.04999923706055,137.35000610351562,47.439998626708984,137.82000732421875,47.849998474121094,2937300.0,2215000.0
2019-02-22,131.2753143310547,47.537906646728516,139.25,47.88999938964844,139.3800048828125,48.150001525878906,138.42999267578125,47.779998779296875,138.72999572753906,47.900001525878906,3113700.0,1189600.0
2019-02-25,131.4732666015625,48.10371780395508,139.4600067138672,48.459999084472656,140.47000122070312,48.7400016784668,139.32000732421875,48.38999938964844,140.0,48.54999923706055,3194200.0,996800.0
2019-02-26,131.7183837890625,47.83570098876953,139.72000122070312,48.189998626708984,140.49000549316406,48.36000061035156,139.47000122070312,47.97999954223633,139.6699981689453,48.16999816894531,3060400.0,1305700.0
2019-02-27,131.1998748779297,48.073936462402344,139.1699981689453,48.43000030517578,139.57000732421875,48.47999954223633,138.39999389648438,48.13999938964844,139.25,48.36000061035156,2530900.0,866400.0
2019-02-28,130.2194366455078,47.63717269897461,138.1300048828125,47.9900016784668,139.05999755859375,48.2400016784668,137.72000122070312,47.91999816894531,138.77000427246094,48.209999084472656,3457800.0,800900.0
2019-03-01,131.2281494140625,47.537906646728516,139.1999969482422,47.88999938964844,140.0399932861328,48.060001373291016,138.63999938964844,47.689998626708984,139.30999755859375,47.81999969482422,3030000.0,969000.0
2019-03-04,130.50225830078125,47.26988983154297,138.42999267578125,47.619998931884766,140.0800018310547,47.869998931884766,137.1699981689453,47.22999954223633,139.99000549316406,47.779998779296875,3406900.0,1230900.0
2019-03-05,129.9837646484375,47.309600830078125,137.8800048828125,47.65999984741211,138.74000549316406,47.900001525878906,137.55999755859375,47.529998779296875,138.3699951171875,47.75,4250300.0,638300.0
2019-03-06,129.13528442382812,47.1805534362793,136.97999572753906,47.529998779296875,138.38999938964844,47.810001373291016,136.72000122070312,47.52000045776367,138.1199951171875,47.68000030517578,2768300.0,685400.0
2019-03-07,127.60807037353516,46.05886459350586,135.36000061035156,46.400001525878906,136.88999938964844,47.0,134.6300048828125,46.13999938964844,136.61000061035156,47.0,4358800.0,1360200.0
2019-03-08,127.353515625,45.6121711730957,135.08999633789062,45.95000076293945,135.24000549316406,46.0,133.5800018310547,45.189998626708984,134.2100067138672,45.279998779296875,3773600.0,1074100.0
2019-03-11,129.82350158691406,45.76106643676758,137.7100067138672,46.099998474121094,137.72999572753906,46.18000030517578,135.83999633789062,45.15999984741211,136.02999877929688,45.29999923706055,3939300.0,1555600.0
2019-03-12,130.36085510253906,45.96952438354492,138.27999877929688,46.310001373291016,139.6999969482422,46.650001525878906,137.86000061035156,46.15999984741211,138.52000427246094,46.220001220703125,3954700.0,1290200.0
2019-03-13,130.62481689453125,46.316951751708984,138.55999755859375,46.65999984741211,139.32000732421875,46.84000015258789,137.85000610351562,46.459999084472656,138.0500030517578,46.56999969482422,3173200.0,920600.0
2019-03-14,130.8416290283203,45.780921936035156,138.7899932861328,46.119998931884766,138.94000244140625,46.2400016784668,138.05999755859375,45.95000076293945,138.50999450683594,46.22999954223633,2738600.0,778100.0
2019-03-15,131.44497680664062,45.90996170043945,139.42999267578125,46.25,140.3300018310547,46.529998779296875,139.22999572753906,46.04999923706055,139.3699951171875,46.209999084472656,7153700.0,848000.0
2019-03-18,132.18032836914062,45.741214752197266,140.2100067138672,46.08000183105469,140.3699951171875,46.279998779296875,138.72000122070312,45.97999954223633,139.8300018310547,46.25,3268500.0,632800.0
2019-03-19,132.44427490234375,45.195255279541016,140.49000549316406,45.529998779296875,141.6999969482422,46.33000183105469,140.0,45.4900016784668,140.9600067138672,46.20000076293945,3482300.0,2231600.0
2019-03-20,131.60525512695312,42.96179962158203,139.60000610351562,43.279998779296875,140.6999969482422,44.11000061035156,138.97999572753906,43.0099983215332,140.52999877929688,44.040000915527344,3649500.0,3729000.0
2019-03-21,133.33987426757812,43.686431884765625,141.44000244140625,44.0099983215332,142.1199951171875,44.119998931884766,138.8800048828125,43.04999923706055,139.10000610351562,43.09000015258789,3605400.0,1392400.0
2019-03-22,131.46383666992188,41.72098922729492,139.4499969482422,42.029998779296875,141.44000244140625,42.72999954223633,138.89999389648438,42.02000045776367,140.97000122070312,42.72999954223633,3877200.0,1579100.0
2019-03-25,131.2093048095703,41.840110778808594,139.17999267578125,42.150001525878906,139.91000366210938,42.47999954223633,138.35000610351562,41.90999984741211,139.05999755859375,42.099998474121094,2839800.0,954900.0
2019-03-26,132.1897430419922,42.41584014892578,140.22000122070312,42.72999954223633,141.02000427246094,43.27000045776367,139.4199981689453,42.47999954223633,139.92999267578125,42.75,2553700.0,1317800.0
2019-03-27,131.26585388183594,42.47540283203125,139.24000549316406,42.790000915527344,140.49000549316406,43.060001373291016,138.39999389648438,42.56999969482422,140.41000366210938,42.869998931884766,3098200.0,1696300.0
2019-03-28,131.90692138671875,42.2688102722168,139.9199981689453,42.400001525878906,140.44000244140625,42.720001220703125,139.10000610351562,42.15999984741211,139.91000366210938,42.689998626708984,2663900.0,978300.0
2019-03-29,133.01934814453125,42.10930633544922,141.10000610351562,42.2400016784668,141.22000122070312,42.36000061035156,140.14999389648438,41.97999954223633,140.5,42.29999923706055,3101400.0,908700.0
2019-04-01,135.09335327148438,42.847015380859375,143.3000030517578,42.97999954223633,143.41000366210938,43.02000045776367,141.50999450683594,42.630001068115234,141.50999450683594,42.68000030517578,3984300.0,1000600.0
2019-04-02,134.81053161621094,42.039520263671875,143.0,42.16999816894531,143.9499969482422,42.529998779296875,142.60000610351562,42.060001373291016,143.35000610351562,42.310001373291016,2404800.0,1325800.0
2019-04-03,135.4044647216797,42.25883865356445,143.6300048828125,42.38999938964844,144.22000122070312,42.650001525878906,143.00999450683594,42.349998474121094,143.64999389648438,42.560001373291016,2681200.0,1010500.0
2019-04-04,134.60313415527344,42.3884391784668,142.77999877929688,42.52000045776367,144.13999938964844,42.63999938964844,142.5399932861328,42.029998779296875,143.6199951171875,42.04999923706055,2771100.0,2378400.0
2019-04-05,135.07447814941406,42.936737060546875,143.27999877929688,43.06999969482422,143.5,43.290000915527344,142.4600067138672,43.02000045776367,143.2899932861328,43.25,2731800.0,1212200.0
2019-04-08,135.17819213867188,46.455810546875,143.38999938964844,46.599998474121094,143.4199981689453,46.91999816894531,142.8699951171875,42.959999084472656,143.02000427246094,43.0,2118200.0,8331100.0
2019-04-09,133.9715118408203,46.047080993652344,142.11000061035156,46.189998626708984,142.9499969482422,46.79999923706055,141.83999633789062,45.810001373291016,142.66000366210938,46.630001068115234,3038500.0,4273300.0
2019-04-10,134.8293914794922,45.93742370605469,143.02000427246094,46.08000183105469,143.5,46.22999954223633,141.97999572753906,45.86000061035156,142.1999969482422,45.86000061035156,2678000.0,1032100.0
2019-04-11,135.54586791992188,46.106895446777344,143.77999877929688,46.25,144.11000061035156,46.41999816894531,143.02999877929688,45.9900016784668,143.8000030517578,46.06999969482422,2942000.0,1157600.0
2019-04-12,136.08322143554688,46.844608306884766,144.35000610351562,46.9900016784668,144.44000244140625,47.150001525878906,143.6999969482422,46.75,144.25999450683594,46.86000061035156,2898900.0,984800.0
2019-04-15,135.6590118408203,47.16361618041992,143.89999389648438,47.310001373291016,144.4600067138672,47.65999984741211,143.27000427246094,46.93000030517578,144.39999389648438,47.029998779296875,3603200.0,1704600.0
2019-04-16,136.82797241210938,47.8016357421875,145.13999938964844,47.95000076293945,145.38999938964844,48.130001068115234,144.02000427246094,47.720001220703125,144.39999389648438,47.88999938964844,6301700.0,1066300.0
2019-04-17,131.143310546875,47.592288970947266,139.11000061035156,47.7400016784668,141.97999572753906,48.279998779296875,136.25999450683594,47.56999969482422,137.3699951171875,48.119998931884766,12525700.0,2349500.0
2019-04-18,132.29345703125,47.7119140625,140.3300018310547,47.86000061035156,140.49000549316406,48.029998779296875,138.6999969482422,47.56999969482422,139.0,47.779998779296875,4960000.0,1076300.0
2019-04-22,130.9359130859375,47.46268844604492,138.88999938964844,47.61000061035156,140.55999755859375,47.65999984741211,138.47999572753906,47.27000045776367,139.4199981689453,47.61000061035156,4494000.0,1343600.0
2019-04-23,132.3971405029297,48.150550842285156,140.44000244140625,48.29999923706055,140.9199981689453,48.40999984741211,138.94000244140625,47.619998931884766,139.14999389648438,47.720001220703125,4462200.0,2081300.0
2019-04-24,131.93519592285156,46.316246032714844,139.9499969482422,46.459999084472656,141.30999755859375,46.7400016784668,139.77999877929688,46.38999938964844,140.60000610351562,46.560001373291016,2774900.0,2118900.0
2019-04-25,130.6907958984375,46.515628814697266,138.6300048828125,46.65999984741211,139.75,46.880001068115234,137.7100067138672,46.43000030517578,139.6999969482422,46.83000183105469,2910100.0,1768900.0
2019-04-26,131.4544219970703,50.08455276489258,139.44000244140625,50.2400016784668,139.88999938964844,50.91999816894531,138.80999755859375,48.20000076293945,139.33999633789062,48.349998474121094,2319800.0,3853300.0
2019-04-29,131.0867462158203,50.094520568847656,139.0500030517578,50.25,139.6300048828125,50.5,138.80999755859375,49.709999084472656,139.14999389648438,49.9900016784668,2958300.0,1198100.0
2019-04-30,132.23687744140625,50.21414566040039,140.27000427246094,50.369998931884766,140.44000244140625,50.54999923706055,138.67999267578125,50.029998779296875,139.11000061035156,50.130001068115234,4638800.0,1487200.0
2019-05-01,132.51026916503906,51.20108413696289,140.55999755859375,51.36000061035156,141.80999755859375,51.869998931884766,140.1699981689453,50.38999938964844,140.5500030517578,50.38999938964844,3053700.0,2185000.0
2019-05-02,131.5958251953125,51.30077362060547,139.58999633789062,51.459999084472656,141.27999877929688,51.7599983215332,139.41000366210938,51.04999923706055,140.5,51.27000045776367,3541400.0,1349800.0
2019-05-03,132.21803283691406,52.08833312988281,140.25,52.25,141.0,52.470001220703125,139.6300048828125,51.5,139.6999969482422,51.630001068115234,2579900.0,2705000.0
2019-05-06,132.34059143066406,51.061519622802734,140.3800048828125,51.220001220703125,140.69000244140625,51.5,137.89999389648438,50.599998474121094,138.3000030517578,51.150001525878906,2793300.0,2228300.0
2019-05-07,129.75750732421875,48.73872756958008,137.63999938964844,48.88999938964844,139.50999450683594,49.25,136.19000244140625,48.61000061035156,139.14999389648438,49.0099983215332,4726800.0,3310700.0
2019-05-08,130.09689331054688,48.599159240722656,138.0,48.75,138.6999969482422,49.08000183105469,137.1300048828125,48.400001525878906,137.77000427246094,48.650001525878906,3818900.0,1220400.0
2019-05-09,129.10479736328125,48.599159240722656,135.33999633789062,48.75,135.5800018310547,49.11000061035156,133.02999877929688,48.099998474121094,134.88999938964844,48.119998931884766,4192700.0,1903300.0
2019-05-10,129.0857391357422,49.54622268676758,135.32000732421875,49.70000076293945,135.75,49.86000061035156,132.4199981689453,48.400001525878906,134.8800048828125,48.9900016784668,3977600.0,2148000.0
2019-05-13,125.36539459228516,47.881385803222656,131.4199981689453,48.029998779296875,133.57000732421875,48.65999984741211,130.9600067138672,47.869998931884766,133.27999877929688,48.5,4958000.0,1475700.0
2019-05-14,127.16831970214844,48.29011917114258,133.30999755859375,48.439998626708984,134.32000732421875,48.540000915527344,131.67999267578125,48.04999923706055,131.82000732421875,48.150001525878906,3280400.0,1146100.0
2019-05-15,128.20809936523438,49.78547668457031,134.39999389648438,49.939998626708984,134.58999633789062,50.08000183105469,132.3699951171875,49.029998779296875,132.58999633789062,49.47999954223633,2551000.0,2177900.0
2019-05-16,129.6199188232422,51.83910369873047,135.8800048828125,52.0,136.11000061035156,52.33000183105469,134.63999938964844,50.25,134.74000549316406,50.91999816894531,3017300.0,5301500.0
2019-05-17,128.13177490234375,52.44721984863281,134.32000732421875,52.61000061035156,135.41000366210938,53.61000061035156,133.94000244140625,52.380001068115234,134.67999267578125,53.220001220703125,2619100.0,3318300.0
2019-05-20,128.89492797851562,52.03848648071289,135.1199951171875,52.20000076293945,135.42999267578125,52.880001068115234,132.92999267578125,52.0099983215332,133.52999877929688,52.540000915527344,3264500.0,2019900.0
2019-05-21,130.16366577148438,50.87210464477539,136.4499969482422,51.029998779296875,137.05999755859375,51.22999954223633,135.7899932861328,50.560001373291016,136.1199951171875,51.22999954223633,2503500.0,1451300.0
2019-05-22,130.0682830810547,50.333778381347656,136.35000610351562,50.4900016784668,136.75,50.720001220703125,135.7100067138672,50.369998931884766,136.0,50.630001068115234,1849800.0,1127800.0
2019-05-23,126.29069519042969,48.1904296875,132.38999938964844,48.34000015258789,135.1300048828125,48.56999969482422,130.44000244140625,48.130001068115234,135.1300048828125,48.47999954223633,5343400.0,1894500.0
2019-05-24,126.18577575683594,48.82844924926758,132.27999877929688,48.97999954223633,134.25,49.18000030517578,131.58999633789062,48.66999816894531,133.52999877929688,48.66999816894531,2596100.0,814200.0
2019-05-28,124.44963073730469,49.017860412597656,130.4600067138672,49.16999816894531,132.63999938964844,49.72999954223633,130.27000427246094,49.09000015258789,132.1300048828125,49.709999084472656,4908800.0,879500.0
2019-05-29,123.71509552001953,48.08076858520508,129.69000244140625,48.22999954223633,130.27999877929688,48.470001220703125,128.32000732421875,48.0099983215332,130.0,48.459999084472656,3679000.0,869600.0
2019-05-30,123.60063171386719,48.37984085083008,129.57000732421875,48.529998779296875,129.97000122070312,48.790000915527344,128.92999267578125,48.29999923706055,129.74000549316406,48.54999923706055,2741900.0,613100.0
2019-05-31,121.13948822021484,47.85148239135742,126.98999786376953,48.0,128.44000244140625,48.099998474121094,126.8499984741211,47.709999084472656,128.44000244140625,47.97999954223633,3539300.0,1085200.0
2019-06-03,122.36051940917969,47.63216018676758,128.27000427246094,47.779998779296875,128.55999755859375,48.36000061035156,127.05999755859375,47.70000076293945,127.0999984741211,48.0099983215332,4266900.0,849600.0
2019-06-04,126.57688903808594,47.9810791015625,132.69000244140625,48.130001068115234,132.74000549316406,48.16999816894531,129.08999633789062,47.290000915527344,129.55999755859375,47.630001068115234,3913500.0,1014100.0
2019-06-05,125.43218231201172,47.961143493652344,131.49000549316406,48.11000061035156,133.61000061035156,48.5,130.47000122070312,47.72999954223633,133.3800048828125,48.5,3161300.0,764200.0
2019-06-06,126.12854766845703,47.303184509277344,132.22000122070312,47.45000076293945,132.64999389648438,47.7599983215332,130.89999389648438,47.33000183105469,132.19000244140625,47.63999938964844,2298200.0,1159900.0
2019-06-07,127.16831970214844,48.70882034301758,133.30999755859375,48.86000061035156,134.72000122070312,49.099998474121094,132.2100067138672,48.13999938964844,132.47000122070312,48.13999938964844,2553400.0,1146300.0
2019-06-10,128.53244018554688,49.466468811035156,134.74000549316406,49.619998931884766,135.35000610351562,49.79999923706055,133.91000366210938,49.16999816894531,134.3800048828125,49.65999984741211,2911300.0,1711200.0
2019-06-11,129.68670654296875,49.66585159301758,135.9499969482422,49.81999969482422,136.4600067138672,50.119998931884766,135.0500030517578,49.66999816894531,135.32000732421875,49.880001068115234,3407300.0,1064100.0
2019-06-12,128.65643310546875,49.227210998535156,134.8699951171875,49.380001068115234,135.94000244140625,49.529998779296875,134.41000366210938,49.0,135.55999755859375,49.16999816894531,2254700.0,1504100.0
2019-06-13,129.5054168701172,49.51631164550781,135.75999450683594,49.66999816894531,136.27000427246094,49.86000061035156,135.08999633789062,49.38999938964844,135.1300048828125,49.40999984741211,2955300.0,1198700.0
2019-06-14,128.9235382080078,51.171180725097656,135.14999389648438,51.33000183105469,135.8800048828125,51.560001373291016,134.42999267578125,50.43000030517578,135.44000244140625,50.540000915527344,2193300.0,3736100.0
2019-06-17,128.73275756835938,51.93879318237305,134.9499969482422,52.099998474121094,136.02999877929688,52.66999816894531,134.6999969482422,51.7400016784668,135.38999938964844,51.7400016784668,2194100.0,2555100.0
2019-06-18,130.09689331054688,52.04845428466797,136.3800048828125,52.209999084472656,137.19000244140625,52.56999969482422,135.1999969482422,52.099998474121094,135.1999969482422,52.290000915527344,2914700.0,1695700.0
2019-06-19,130.76463317871094,52.816070556640625,137.0800018310547,52.97999954223633,138.36000061035156,53.16999816894531,136.24000549316406,52.58000183105469,136.42999267578125,52.93000030517578,2382400.0,2280400.0
2019-06-20,132.4530792236328,53.773101806640625,138.85000610351562,53.939998626708984,139.5399932861328,54.119998931884766,138.1999969482422,53.290000915527344,138.92999267578125,54.04999923706055,3071000.0,1678700.0
2019-06-21,132.78697204589844,53.07527160644531,139.1999969482422,53.2400016784668,139.5399932861328,53.650001525878906,138.38999938964844,52.709999084472656,138.44000244140625,52.9900016784668,5288700.0,2478300.0
2019-06-24,132.9300537109375,52.98554992675781,139.35000610351562,53.150001525878906,140.14999389648438,53.72999954223633,139.0500030517578,53.119998931884766,139.1999969482422,53.540000915527344,2186000.0,1530300.0
2019-06-25,131.98565673828125,52.38740158081055,138.36000061035156,52.54999923706055,139.5500030517578,53.04999923706055,138.1300048828125,52.5099983215332,139.4600067138672,52.560001373291016,2801200.0,1868600.0
2019-06-26,132.13829040527344,52.29767990112305,138.52000427246094,52.459999084472656,139.67999267578125,52.849998474121094,138.41000366210938,52.0099983215332,138.8699951171875,52.65999984741211,2284600.0,1080600.0
2019-06-27,132.13829040527344,52.53694152832031,138.52000427246094,52.70000076293945,139.3000030517578,52.779998779296875,137.9499969482422,52.209999084472656,138.72000122070312,52.540000915527344,2149800.0,1027600.0
2019-06-28,131.54684448242188,52.22789764404297,137.89999389648438,52.38999938964844,139.13999938964844,52.84000015258789,137.83999633789062,52.189998626708984,138.57000732421875,52.84000015258789,6153900.0,886200.0
2019-07-01,133.43563842773438,53.5438117980957,139.8800048828125,53.709999084472656,141.49000549316406,53.81999969482422,139.27999877929688,52.97999954223633,139.60000610351562,53.560001373291016,3377700.0,1908200.0
2019-07-02,133.7599639892578,53.51390838623047,140.22000122070312,53.68000030517578,140.42999267578125,53.70000076293945,139.47000122070312,53.130001068115234,139.75,53.27000045776367,2409700.0,1386900.0
2019-07-03,135.01914978027344,54.550689697265625,141.5399932861328,54.720001220703125,141.82000732421875,54.810001373291016,140.42999267578125,54.189998626708984,140.72000122070312,54.209999084472656,1930400.0,784100.0
2019-07-05,134.8665313720703,54.8597297668457,141.3800048828125,55.029998779296875,141.49000549316406,55.11000061035156,139.91000366210938,54.380001068115234,140.8699951171875,54.38999938964844,2134700.0,1468700.0
2019-07-08,134.09384155273438,54.490875244140625,140.57000732421875,54.65999984741211,141.2899932861328,54.91999816894531,140.27000427246094,54.65999984741211,141.0500030517578,54.900001525878906,2395300.0,1691000.0
2019-07-09,132.9109649658203,54.21174240112305,139.3300018310547,54.380001068115234,140.99000549316406,54.5099983215332,139.1300048828125,53.900001525878906,140.61000061035156,54.130001068115234,3365200.0,1307200.0
2019-07-10,133.99844360351562,54.61050033569336,140.47000122070312,54.779998779296875,141.91000366210938,55.20000076293945,139.7899932861328,54.66999816894531,140.0,55.11000061035156,2513900.0,833900.0
2019-07-11,134.73300170898438,54.849761962890625,141.24000549316406,55.02000045776367,141.5800018310547,55.209999084472656,140.3000030517578,54.88999938964844,140.7899932861328,54.9900016784668,2132900.0,2797000.0
2019-07-12,136.16387939453125,55.59743881225586,142.74000549316406,55.77000045776367,142.9199981689453,55.9900016784668,141.66000366210938,55.54999923706055,141.9199981689453,55.68000030517578,2786200.0,770100.0
2019-07-15,136.7171630859375,55.59743881225586,143.32000732421875,55.77000045776367,143.50999450683594,56.04999923706055,142.1199951171875,55.650001525878906,142.88999938964844,56.0,2368300.0,917700.0
2019-07-16,136.91748046875,53.82294845581055,143.52999877929688,53.9900016784668,144.0399932861328,54.5099983215332,143.02000427246094,53.689998626708984,143.1699981689453,54.16999816894531,3474700.0,1461400.0
2019-07-17,136.4786834716797,54.2017707824707,143.07000732421875,54.369998931884766,143.8000030517578,54.79999923706055,141.9499969482422,54.16999816894531,143.61000061035156,54.779998779296875,6064300.0,1025700.0
2019-07-18,142.7364501953125,53.78307342529297,149.6300048828125,53.95000076293945,150.30999755859375,54.04999923706055,142.1999969482422,53.40999984741211,142.5,53.650001525878906,12695400.0,836400.0
2019-07-19,142.7841339111328,53.49396896362305,149.67999267578125,53.65999984741211,151.5800018310547,54.33000183105469,149.5500030517578,53.650001525878906,149.9600067138672,54.310001373291016,7290700.0,400700.0
2019-07-22,142.8413848876953,53.6335334777832,149.74000549316406,53.79999923706055,151.94000244140625,54.04999923706055,149.6999969482422,53.68000030517578,150.16000366210938,54.02000045776367,4092600.0,965200.0
2019-07-23,143.451904296875,54.24164962768555,150.3800048828125,54.40999984741211,150.72000122070312,54.470001220703125,148.3800048828125,54.029998779296875,150.57000732421875,54.279998779296875,3742200.0,730200.0
2019-07-24,143.11801147460938,54.92951202392578,150.02999877929688,55.099998474121094,151.4499969482422,55.209999084472656,149.1999969482422,54.75,150.1199951171875,54.869998931884766,2952400.0,1115700.0
2019-07-25,143.46142578125,54.3812141418457,150.38999938964844,54.54999923706055,150.6199951171875,54.7599983215332,148.61000061035156,54.31999969482422,149.82000732421875,54.5,3102100.0,1381400.0
2019-07-26,144.38673400878906,54.63043975830078,151.36000061035156,54.79999923706055,151.41000366210938,54.93000030517578,150.10000610351562,54.59000015258789,151.0,54.79999923706055,2904300.0,1631800.0
2019-07-29,143.92886352539062,54.5307502746582,150.8800048828125,54.70000076293945,151.47999572753906,54.84000015258789,150.32000732421875,54.0,151.11000061035156,54.0,2075500.0,3002000.0
2019-07-30,142.87001037597656,56.92332458496094,149.77000427246094,57.099998474121094,150.39999389648438,57.40999984741211,149.22000122070312,56.02000045776367,150.0,56.060001373291016,2632700.0,3197400.0
2019-07-31,141.41049194335938,56.68406677246094,148.24000549316406,56.86000061035156,150.17999267578125,57.290000915527344,146.38999938964844,56.279998779296875,149.6999969482422,57.0,3722900.0,1443100.0
2019-08-01,143.3946533203125,55.67719268798828,150.32000732421875,55.849998474121094,152.82000732421875,57.290000915527344,148.5,55.65999984741211,148.89999389648438,56.45000076293945,6344000.0,2243600.0
2019-08-02,140.46609497070312,54.80988311767578,147.25,54.97999954223633,152.9499969482422,55.45000076293945,145.58999633789062,54.66999816894531,149.02999877929688,55.29999923706055,8101700.0,1266100.0
2019-08-05,134.27508544921875,53.48400115966797,140.75999450683594,53.650001525878906,145.10000610351562,53.83000183105469,139.14999389648438,53.31999969482422,144.97999572753906,53.83000183105469,7114900.0,1873300.0
2019-08-06,134.24649047851562,54.8298225402832,140.72999572753906,55.0,142.47000122070312,55.0,139.30999755859375,54.33000183105469,142.02999877929688,54.779998779296875,5070700.0,1194800.0
2019-08-07,132.7011260986328,55.35818099975586,139.11000061035156,55.529998779296875,139.5800018310547,55.84000015258789,136.41000366210938,54.93000030517578,138.74000549316406,55.47999954223633,5931900.0,2389900.0
2019-08-08,135.22019958496094,56.07595443725586,140.10000610351562,56.25,140.4199981689453,56.34000015258789,137.75999450683594,55.29999923706055,138.4499969482422,55.40999984741211,5261100.0,1499900.0
2019-08-09,131.3884735107422,55.9363899230957,136.1300048828125,56.11000061035156,139.30999755859375,56.59000015258789,135.35000610351562,55.709999084472656,139.27000427246094,56.47999954223633,5244600.0,426200.0
2019-08-12,129.448486328125,55.42796325683594,134.1199951171875,55.599998474121094,135.8699951171875,56.04999923706055,133.17999267578125,55.41999816894531,135.66000366210938,56.0,3895600.0,457700.0
2019-08-13,131.060302734375,56.08592224121094,135.7899932861328,56.2599983215332,136.57000732421875,56.63999938964844,132.80999755859375,55.5099983215332,133.8000030517578,55.70000076293945,4522100.0,1140800.0
2019-08-14,126.67845153808594,54.15192794799805,131.25,54.31999969482422,134.16000366210938,55.2599983215332,130.97999572753906,54.13999938964844,133.91000366210938,55.22999954223633,5114200.0,1272700.0
2019-08-15,127.32511138916016,54.849761962890625,131.9199981689453,55.02000045776367,132.3699951171875,55.220001220703125,130.25,54.58000183105469,131.22000122070312,54.70000076293945,3738900.0,872800.0
2019-08-16,129.10101318359375,55.55756378173828,133.75999450683594,55.72999954223633,134.58999633789062,55.959999084472656,132.9499969482422,54.84000015258789,133.0399932861328,54.84000015258789,3012000.0,1254700.0
2019-08-19,130.33644104003906,55.5475959777832,135.0399932861328,55.720001220703125,136.3300018310547,55.97999954223633,134.8800048828125,55.61000061035156,134.8800048828125,55.720001220703125,3165100.0,934800.0
2019-08-20,128.36749267578125,55.4877815246582,133.0,55.65999984741211,135.27999877929688,56.02000045776367,132.80999755859375,55.59000015258789,135.24000549316406,56.0,3018600.0,378100.0
2019-08-21,129.57395935058594,56.4747200012207,134.25,56.650001525878906,135.94000244140625,57.06999969482422,133.8000030517578,56.20000076293945,134.9600067138672,56.33000183105469,2805700.0,1052800.0
2019-08-22,129.64151000976562,54.60053634643555,134.32000732421875,54.77000045776367,135.67999267578125,55.380001068115234,133.80999755859375,54.38999938964844,134.69000244140625,55.16999816894531,2694900.0,1583600.0
2019-08-23,125.05697631835938,53.67341232299805,129.57000732421875,53.84000015258789,134.25999450683594,55.060001373291016,128.8300018310547,53.65999984741211,133.6300048828125,54.79999923706055,4818400.0,1303600.0
2019-08-26,125.46234893798828,55.34821319580078,129.99000549316406,55.52000045776367,131.3000030517578,55.9900016784668,129.16000366210938,55.45000076293945,131.0500030517578,55.529998779296875,2833900.0,1174600.0
2019-08-27,126.60123443603516,55.33824157714844,131.1699981689453,55.5099983215332,131.6999969482422,55.97999954223633,130.30999755859375,55.310001373291016,131.1999969482422,55.709999084472656,4728000.0,726300.0
2019-08-28,128.13584899902344,55.43793487548828,132.75999450683594,55.61000061035156,132.88999938964844,55.709999084472656,130.0399932861328,55.13999938964844,130.44000244140625,55.220001220703125,2713600.0,501000.0
2019-08-29,130.18203735351562,56.54450225830078,134.8800048828125,56.720001220703125,135.69000244140625,57.599998474121094,134.0399932861328,56.33000183105469,134.17999267578125,56.33000183105469,2971800.0,916000.0
2019-08-30,130.8093719482422,56.73391342163086,135.52999877929688,56.90999984741211,136.07000732421875,57.16999816894531,134.36000061035156,56.56999969482422,135.5800018310547,57.11000061035156,2960600.0,355400.0
2019-09-03,129.42919921875,57.25230407714844,134.10000610351562,57.43000030517578,134.89999389648438,57.77000045776367,133.3300018310547,57.0,134.85000610351562,57.220001220703125,2827900.0,857900.0
2019-09-04,131.57186889648438,58.32896041870117,136.32000732421875,58.5099983215332,136.42999267578125,58.59000015258789,135.14999389648438,57.91999816894531,135.7100067138672,58.029998779296875,2247900.0,925700.0
2019-09-05,136.0598907470703,59.355777740478516,140.97000122070312,59.540000915527344,141.6999969482422,60.040000915527344,138.0500030517578,59.47999954223633,138.3000030517578,59.54999923706055,5011600.0,1295800.0
2019-09-06,135.673828125,59.01682662963867,140.57000732421875,59.20000076293945,141.52999877929688,59.41999816894531,140.4600067138672,59.0,141.52000427246094,59.34000015258789,2576800.0,679700.0
2019-09-09,137.63311767578125,59.79441452026367,142.60000610351562,59.97999954223633,143.02000427246094,60.630001068115234,140.4600067138672,59.68000030517578,140.58999633789062,60.5,4226600.0,1144500.0
2019-09-10,139.99778747558594,59.056705474853516,145.0500030517578,59.2400016784668,145.4600067138672,59.38999938964844,142.9600067138672,58.91999816894531,143.0,59.119998931884766,4979700.0,759900.0
2019-09-11,138.59829711914062,59.86419677734375,143.60000610351562,60.04999923706055,145.1199951171875,60.150001525878906,142.7100067138672,59.459999084472656,144.85000610351562,59.61000061035156,3869700.0,731000.0
2019-09-12,138.6175994873047,60.06357955932617,143.6199951171875,60.25,144.0399932861328,60.439998626708984,141.8800048828125,60.0,144.02999877929688,60.13999938964844,2505400.0,623200.0
2019-09-13,138.6658477783203,60.17323684692383,143.6699981689453,60.36000061035156,144.64999389648438,60.529998779296875,143.25999450683594,60.09000015258789,144.32000732421875,60.099998474121094,2206600.0,661300.0
2019-09-16,137.51730346679688,59.784446716308594,142.47999572753906,59.970001220703125,143.63999938964844,60.25,142.27000427246094,59.68000030517578,142.55999755859375,59.91999816894531,1928500.0,400800.0
2019-09-17,137.24705505371094,59.75453567504883,142.1999969482422,59.939998626708984,142.47999572753906,60.150001525878906,140.66000366210938,59.2599983215332,142.47999572753906,60.150001525878906,2933200.0,1854700.0
2019-09-18,137.266357421875,58.92710494995117,142.22000122070312,59.11000061035156,142.3000030517578,59.36000061035156,140.50999450683594,58.58000183105469,142.0500030517578,59.119998931884766,1983600.0,816600.0
2019-09-19,137.990234375,59.16636276245117,142.97000122070312,59.349998474121094,145.02999877929688,59.779998779296875,142.4499969482422,59.2400016784668,142.4600067138672,59.38999938964844,3089900.0,619500.0
2019-09-20,136.93821716308594,58.93707275390625,141.8800048828125,59.119998931884766,143.8300018310547,59.58000183105469,141.82000732421875,58.7599983215332,143.25,59.310001373291016,5193400.0,627200.0
2019-09-23,137.12159729003906,58.93707275390625,142.07000732421875,59.119998931884766,142.22000122070312,59.27000045776367,140.55999755859375,58.869998931884766,141.19000244140625,58.97999954223633,1817900.0,426300.0
2019-09-24,136.7451629638672,58.727725982666016,141.67999267578125,58.90999984741211,142.88999938964844,59.77000045776367,141.07000732421875,58.720001220703125,142.5,59.66999816894531,3231600.0,987800.0
2019-09-25,138.17361450195312,60.39255905151367,143.16000366210938,60.58000183105469,143.6300048828125,60.7400016784668,140.86000061035156,59.869998931884766,141.74000549316406,60.400001525878906,2526700.0,1522500.0
2019-09-26,138.55003356933594,59.22617721557617,143.5500030517578,59.40999984741211,143.8800048828125,60.08000183105469,141.41000366210938,59.22999954223633,143.1699981689453,59.90999984741211,2309800.0,825500.0
2019-09-27,138.25083923339844,58.77000045776367,143.24000549316406,58.77000045776367,145.08999633789062,59.38999938964844,142.3800048828125,58.650001525878906,144.41000366210938,58.83000183105469,2356800.0,1501700.0
2019-09-30,140.35488891601562,59.130001068115234,145.4199981689453,59.130001068115234,146.57000732421875,59.18000030517578,143.72999572753906,58.099998474121094,143.72999572753906,58.4900016784668,3988400.0,666700.0
2019-10-01,138.6562042236328,57.959999084472656,143.66000366210938,57.959999084472656,147.35000610351562,58.959999084472656,143.5399932861328,57.650001525878906,145.58999633789062,58.5,2960800.0,988400.0
2019-10-02,136.75482177734375,56.83000183105469,141.69000244140625,56.83000183105469,142.27000427246094,57.25,140.57000732421875,56.5099983215332,142.19000244140625,57.25,3340800.0,1005200.0
2019-10-03,137.07333374023438,57.93000030517578,142.02000427246094,57.93000030517578,142.07000732421875,58.0,139.17999267578125,57.0,141.6199951171875,57.349998474121094,2928800.0,823800.0
2019-10-04,138.00955200195312,58.75,142.99000549316406,58.75,143.05999755859375,58.86000061035156,141.02999877929688,57.88999938964844,142.05999755859375,57.88999938964844,2413600.0,631900.0
2019-10-07,136.3590850830078,58.06999969482422,141.27999877929688,58.06999969482422,142.6999969482422,58.400001525878906,141.22000122070312,58.06999969482422,142.25999450683594,58.099998474121094,2426500.0,661400.0
2019-10-08,133.56011962890625,57.209999084472656,138.3800048828125,57.209999084472656,140.47000122070312,57.61000061035156,138.25,57.029998779296875,140.24000549316406,57.54999923706055,3225400.0,630500.0
2019-10-09,134.80517578125,57.869998931884766,139.6699981689453,57.869998931884766,140.3300018310547,58.099998474121094,138.7899932861328,57.689998626708984,139.77000427246094,57.779998779296875,2620800.0,323500.0
2019-10-10,136.21432495117188,57.33000183105469,141.1300048828125,57.33000183105469,141.77999877929688,57.560001373291016,139.55999755859375,57.06999969482422,139.77000427246094,57.13999938964844,2593700.0,721300.0
2019-10-11,137.78753662109375,58.13999938964844,142.75999450683594,58.13999938964844,144.5,58.90999984741211,142.61000061035156,58.0,142.77000427246094,58.0,2996800.0,1378000.0
2019-10-14,137.09262084960938,57.84000015258789,142.0399932861328,57.84000015258789,142.42999267578125,58.380001068115234,141.32000732421875,57.81999969482422,142.30999755859375,58.13999938964844,2309500.0,461400.0
2019-10-15,138.01918029785156,58.5,143.0,58.5,143.72000122070312,58.68000030517578,141.80999755859375,58.150001525878906,142.5399932861328,58.189998626708984,3025500.0,943000.0
2019-10-16,137.16018676757812,58.91999816894531,142.11000061035156,58.91999816894531,142.9499969482422,59.040000915527344,141.38999938964844,58.4900016784668,142.49000549316406,58.5,5332600.0,747600.0
2019-10-17,129.58360290527344,60.040000915527344,134.25999450683594,60.040000915527344,136.0,60.25,132.91000366210938,59.7599983215332,135.0,60.029998779296875,15759800.0,759600.0
2019-10-18,129.41952514648438,59.209999084472656,134.08999633789062,59.209999084472656,134.49000549316406,59.869998931884766,132.25,58.599998474121094,134.22000122070312,59.79999923706055,7177500.0,1079000.0
2019-10-21,127.96212005615234,59.18000030517578,132.5800018310547,59.18000030517578,133.10000610351562,59.58000183105469,130.89999389648438,59.11000061035156,132.61000061035156,59.439998626708984,6306100.0,564300.0
2019-10-22,129.29405212402344,58.970001220703125,133.9600067138672,58.970001220703125,134.0500030517578,59.58000183105469,131.61000061035156,58.939998626708984,132.5500030517578,59.47999954223633,4161600.0,649700.0
2019-10-23,129.69943237304688,58.58000183105469,134.3800048828125,58.58000183105469,134.57000732421875,58.810001373291016,132.6999969482422,58.2400016784668,133.52000427246094,58.77000045776367,3610900.0,589100.0
2019-10-24,129.40023803710938,58.630001068115234,134.07000732421875,58.630001068115234,135.07000732421875,59.150001525878906,133.3000030517578,58.349998474121094,134.8300018310547,59.150001525878906,2598500.0,727500.0
2019-10-25,130.72251892089844,58.5099983215332,135.44000244140625,58.5099983215332,135.92999267578125,58.619998931884766,134.10000610351562,58.029998779296875,134.1199951171875,58.22999954223633,2579100.0,683700.0
2019-10-28,131.2340545654297,59.060001373291016,135.97000122070312,59.060001373291016,136.6300048828125,59.279998779296875,135.4499969482422,58.689998626708984,136.0,58.849998474121094,3225700.0,874900.0
2019-10-29,129.15895080566406,59.2400016784668,133.82000732421875,59.2400016784668,135.57000732421875,59.34000015258789,133.44000244140625,58.83000183105469,135.4199981689453,58.86000061035156,4160700.0,1496400.0
2019-10-30,130.53912353515625,61.06999969482422,135.25,61.06999969482422,135.27999877929688,61.77000045776367,133.1999969482422,59.86000061035156,133.8300018310547,60.20000076293945,2252700.0,1265100.0
2019-10-31,129.0720672607422,60.83000183105469,133.72999572753906,60.83000183105469,135.25,61.09000015258789,133.22999572753906,60.40999984741211,135.11000061035156,61.08000183105469,3412100.0,661800.0
2019-11-01,130.8093719482422,61.439998626708984,135.52999877929688,61.439998626708984,135.55999755859375,61.619998931884766,134.08999633789062,61.119998931884766,134.5,61.27000045776367,3089800.0,613700.0
2019-11-04,132.87484741210938,61.56999969482422,137.6699981689453,61.56999969482422,137.74000549316406,61.849998474121094,136.22999572753906,61.34000015258789,136.24000549316406,61.79999923706055,3335400.0,606200.0
2019-11-05,133.08717346191406,61.439998626708984,137.88999938964844,61.439998626708984,138.75999450683594,61.56999969482422,137.6300048828125,61.029998779296875,137.8000030517578,61.560001373291016,3015000.0,663600.0
2019-11-06,133.94618225097656,60.72999954223633,138.77999877929688,60.72999954223633,138.77999877929688,61.20000076293945,137.5500030517578,60.68000030517578,138.0,61.040000915527344,4477300.0,456600.0
2019-11-07,134.46376037597656,60.400001525878906,137.69000244140625,60.400001525878906,139.13999938964844,60.720001220703125,137.5800018310547,60.220001220703125,137.8699951171875,60.40999984741211,4073800.0,649500.0
2019-11-08,134.38563537597656,60.40999984741211,137.61000061035156,60.40999984741211,137.61000061035156,60.56999969482422,136.16000366210938,60.150001525878906,137.5800018310547,60.25,2278400.0,941800.0
2019-11-11,132.2957763671875,61.720001220703125,135.47000122070312,61.720001220703125,137.1999969482422,61.880001068115234,135.0,61.0,137.1999969482422,61.400001525878906,2568000.0,1398700.0
2019-11-12,132.4129638671875,62.130001068115234,135.58999633789062,62.130001068115234,136.66000366210938,62.5,135.02000427246094,61.90999984741211,135.8699951171875,62.0,3046500.0,1068100.0
2019-11-13,131.32896423339844,62.290000915527344,134.47999572753906,62.290000915527344,135.5800018310547,62.58000183105469,133.85000610351562,62.22999954223633,135.38999938964844,62.58000183105469,2918400.0,1089300.0
2019-11-14,130.86021423339844,61.849998474121094,134.0,61.849998474121094,134.3300018310547,62.099998474121094,133.3300018310547,61.34000015258789,134.1300048828125,62.0099983215332,4231300.0,424100.0
2019-11-15,131.25083923339844,62.060001373291016,134.39999389648438,62.060001373291016,135.1199951171875,62.20000076293945,134.02999877929688,61.720001220703125,134.38999938964844,62.0,3262500.0,325200.0
2019-11-18,131.16294860839844,62.439998626708984,134.30999755859375,62.439998626708984,134.47999572753906,63.0099983215332,133.22999572753906,62.33000183105469,134.3000030517578,63.0099983215332,3210400.0,827100.0
2019-11-19,131.3680419921875,61.900001525878906,134.52000427246094,61.900001525878906,135.3800048828125,62.31999969482422,134.4600067138672,61.75,134.8800048828125,62.2400016784668,2995000.0,1512500.0
2019-11-20,130.07896423339844,61.47999954223633,133.1999969482422,61.47999954223633,134.4600067138672,61.880001068115234,132.75,61.25,134.05999755859375,61.720001220703125,4138200.0,852500.0
2019-11-21,130.70396423339844,61.52000045776367,133.83999633789062,61.52000045776367,134.1699981689453,61.63999938964844,132.97999572753906,60.959999084472656,133.39999389648438,61.099998474121094,3345300.0,1149700.0
2019-11-22,131.19224548339844,61.20000076293945,134.33999633789062,61.20000076293945,134.64999389648438,61.70000076293945,133.58999633789062,61.16999816894531,134.19000244140625,61.63999938964844,3297500.0,607200.0
2019-11-25,132.7840576171875,61.79999923706055,135.97000122070312,61.79999923706055,136.0,61.95000076293945,134.35000610351562,61.58000183105469,134.47000122070312,61.709999084472656,2590100.0,879400.0
2019-11-26,131.92466735839844,63.150001525878906,135.08999633789062,63.150001525878906,136.14999389648438,63.20000076293945,134.77000427246094,62.619998931884766,136.14999389648438,63.0,3793200.0,2221700.0
2019-11-27,130.63560485839844,63.720001220703125,133.77000427246094,63.720001220703125,135.7100067138672,63.75,133.6199951171875,63.20000076293945,135.35000610351562,63.279998779296875,3280900.0,1565400.0
2019-11-29,131.2996826171875,63.47999954223633,134.4499969482422,63.47999954223633,134.52000427246094,63.599998474121094,133.02999877929688,63.220001220703125,133.60000610351562,63.2599983215332,1825300.0,952800.0
2019-12-02,129.79576110839844,63.279998779296875,132.91000366210938,63.279998779296875,134.5,63.560001373291016,132.47999572753906,62.689998626708984,134.4499969482422,63.459999084472656,3067100.0,1515400.0
2019-12-03,129.02426147460938,64.58999633789062,132.1199951171875,64.58999633789062,132.44000244140625,64.62999725341797,130.69000244140625,63.90999984741211,132.0,64.4000015258789,3642500.0,1648100.0
2019-12-04,128.89732360839844,65.29000091552734,131.99000549316406,65.29000091552734,133.67999267578125,65.55999755859375,131.9600067138672,65.08000183105469,132.86000061035156,65.2699966430664,3530000.0,1123800.0
2019-12-05,128.81918334960938,65.19999694824219,131.91000366210938,65.19999694824219,133.24000549316406,65.29000091552734,131.6300048828125,64.80000305175781,132.99000549316406,65.16000366210938,3595400.0,1156400.0
2019-12-06,130.09849548339844,65.29000091552734,133.22000122070312,65.29000091552734,133.88999938964844,65.47000122070312,132.6999969482422,65.1500015258789,132.75,65.33999633789062,3437500.0,999800.0
2019-12-09,130.78208923339844,65.93000030517578,133.9199981689453,65.93000030517578,134.58999633789062,66.30000305175781,133.25999450683594,65.61000061035156,133.35000610351562,65.61000061035156,2968500.0,1323200.0
2019-12-10,130.7723388671875,66.30999755859375,133.91000366210938,66.30999755859375,134.83999633789062,66.69999694824219,133.55999755859375,66.04000091552734,133.9199981689453,66.56999969482422,3480400.0,872900.0
2019-12-11,130.62583923339844,66.54000091552734,133.75999450683594,66.54000091552734,134.50999450683594,66.55000305175781,133.6699981689453,66.19999694824219,134.11000061035156,66.4800033569336,3953300.0,1375100.0
2019-12-12,132.1492919921875,67.31999969482422,135.32000732421875,67.31999969482422,135.66000366210938,67.38999938964844,133.66000366210938,66.83000183105469,133.6999969482422,66.91999816894531,4824100.0,1152300.0
2019-12-13,131.0653076171875,67.56999969482422,134.2100067138672,67.56999969482422,135.5,67.79000091552734,134.00999450683594,67.19999694824219,134.75,67.4000015258789,2535000.0,1019200.0
2019-12-16,130.9871826171875,68.25,134.1300048828125,68.25,135.4499969482422,68.47000122070312,133.85000610351562,68.0,134.94000244140625,68.19999694824219,3049200.0,1109400.0
2019-12-17,131.07505798339844,67.73999786376953,134.22000122070312,67.73999786376953,134.69000244140625,68.08999633789062,133.4600067138672,67.69000244140625,134.27999877929688,68.04000091552734,2907200.0,747600.0
2019-12-18,131.26060485839844,67.69999694824219,134.41000366210938,67.69999694824219,135.0,67.91000366210938,134.14999389648438,67.4000015258789,134.5500030517578,67.83000183105469,3101800.0,557700.0
2019-12-19,131.40708923339844,67.87999725341797,134.55999755859375,67.87999725341797,134.72999572753906,68.20999908447266,134.19000244140625,67.81999969482422,134.4600067138672,68.05999755859375,3866500.0,667600.0
2019-12-20,132.4129638671875,67.9000015258789,135.58999633789062,67.9000015258789,136.4199981689453,67.91000366210938,134.9499969482422,66.91999816894531,135.74000549316406,67.23999786376953,7111800.0,1594400.0
2019-12-23,132.3739013671875,68.08000183105469,135.5500030517578,68.08000183105469,136.14999389648438,68.16999816894531,135.0,67.5999984741211,135.77999877929688,67.80999755859375,2803200.0,601400.0
2019-12-24,131.81724548339844,67.76000213623047,134.97999572753906,67.76000213623047,135.6199951171875,68.0,134.61000061035156,67.76000213623047,135.61000061035156,67.9800033569336,1202100.0,264500.0
2019-12-26,131.7489013671875,68.0199966430664,134.91000366210938,68.0199966430664,135.30999755859375,68.02999877929688,134.64999389648438,67.8499984741211,134.97999572753906,68.0,2129700.0,518000.0
2019-12-27,132.1004638671875,67.77999877929688,135.27000427246094,67.77999877929688,135.75,68.0999984741211,134.8699951171875,67.7300033569336,135.0,68.02999877929688,2752200.0,351100.0
2019-12-30,129.69810485839844,67.72000122070312,132.80999755859375,67.72000122070312,135.3000030517578,67.79000091552734,132.5,67.25,135.1999969482422,67.77999877929688,4118900.0,993900.0
2019-12-31,130.89927673339844,68.0,134.0399932861328,68.0,134.1199951171875,68.02999877929688,132.39999389648438,67.51000213623047,132.52999877929688,67.72000122070312,3777500.0,549700.0
2020-01-02,132.24693298339844,69.05999755859375,135.4199981689453,69.05999755859375,135.9199981689453,69.05999755859375,134.77000427246094,68.27999877929688,135.0,68.30000305175781,3148600.0,856500.0
2020-01-03,131.19224548339844,68.08000183105469,134.33999633789062,68.08000183105469,134.86000061035156,68.6500015258789,133.55999755859375,67.95999908447266,133.57000732421875,68.5,2373700.0,518600.0
2020-01-06,130.9578857421875,69.11000061035156,134.10000610351562,69.11000061035156,134.24000549316406,69.19999694824219,133.1999969482422,68.22000122070312,133.4199981689453,68.25,2425500.0,755500.0
2020-01-07,131.04576110839844,70.19999694824219,134.19000244140625,70.19999694824219,134.9600067138672,70.58000183105469,133.39999389648438,69.80999755859375,133.69000244140625,70.51000213623047,3090800.0,1316200.0
2020-01-08,132.1395263671875,70.45999908447266,135.30999755859375,70.45999908447266,135.86000061035156,71.12000274658203,133.9199981689453,70.37000274658203,134.50999450683594,70.80000305175781,4346000.0,1640200.0
2020-01-09,133.5360107421875,71.02999877929688,136.74000549316406,71.02999877929688,136.7899932861328,71.66000366210938,135.30999755859375,70.58999633789062,135.74000549316406,71.4000015258789,3730600.0,2377300.0
2020-01-10,133.48719787597656,70.86000061035156,136.69000244140625,70.86000061035156,137.8699951171875,71.45999908447266,136.30999755859375,70.73999786376953,137.0,71.45999908447266,3255400.0,1120500.0
2020-01-13,133.39930725097656,71.63999938964844,136.60000610351562,71.63999938964844,136.63999938964844,71.69999694824219,135.07000732421875,71.08000183105469,135.47999572753906,71.38999938964844,3531000.0,1272300.0
2020-01-14,132.6375732421875,72.47000122070312,135.82000732421875,72.47000122070312,137.13999938964844,72.94999694824219,135.5500030517578,72.01000213623047,136.27999877929688,72.94000244140625,3681000.0,1940800.0
2020-01-15,133.4188232421875,71.5999984741211,136.6199951171875,71.5999984741211,138.05999755859375,72.12000274658203,135.7100067138672,71.44999694824219,136.0,71.5999984741211,4045900.0,1085900.0
2020-01-16,134.74696350097656,72.62000274658203,137.97999572753906,72.62000274658203,138.19000244140625,72.72000122070312,137.00999450683594,72.19999694824219,137.32000732421875,72.2300033569336,4320900.0,1158900.0
2020-01-17,135.06922912597656,72.4800033569336,138.30999755859375,72.4800033569336,138.3300018310547,72.72000122070312,136.16000366210938,72.16000366210938,136.5399932861328,72.72000122070312,5623300.0,780500.0
2020-01-21,135.90907287597656,72.12999725341797,139.1699981689453,72.12999725341797,139.35000610351562,72.5,137.60000610351562,72.11000061035156,137.80999755859375,72.5,7244100.0,967200.0
2020-01-22,140.5184783935547,72.37999725341797,143.88999938964844,72.37999725341797,145.7899932861328,72.68000030517578,142.5500030517578,72.16999816894531,143.32000732421875,72.56999969482422,16470400.0,760800.0
2020-01-23,139.5223846435547,72.58999633789062,142.8699951171875,72.58999633789062,144.41000366210938,72.75,142.14999389648438,72.0199966430664,144.1999969482422,72.75,5657800.0,579700.0
2020-01-24,137.26649475097656,71.87999725341797,140.55999755859375,71.87999725341797,143.9199981689453,72.68000030517578,140.4600067138672,71.4800033569336,143.38999938964844,72.63999938964844,5580200.0,678300.0
2020-01-27,135.37196350097656,71.30999755859375,138.6199951171875,71.30999755859375,140.07000732421875,71.69999694824219,138.10000610351562,71.1500015258789,138.5,71.44000244140625,4166600.0,1267300.0
2020-01-28,136.28016662597656,72.0199966430664,139.5500030517578,72.0199966430664,140.47000122070312,72.20999908447266,138.75,71.3499984741211,139.5,71.69999694824219,3451600.0,812600.0
2020-01-29,134.46376037597656,71.80000305175781,137.69000244140625,71.80000305175781,139.5800018310547,72.0199966430664,137.60000610351562,71.6500015258789,139.1699981689453,71.9000015258789,3053800.0,613000.0
2020-01-30,133.5653076171875,71.13999938964844,136.77000427246094,71.13999938964844,136.97000122070312,71.30999755859375,134.97000122070312,70.20999908447266,136.75999450683594,70.62999725341797,5057900.0,870900.0
2020-01-31,140.3622283935547,70.18000030517578,143.72999572753906,70.18000030517578,144.0500030517578,70.98999786376953,140.7899932861328,69.91000366210938,142.89999389648438,70.98999786376953,18994600.0,957400.0
2020-02-03,142.84271240234375,70.4800033569336,146.27000427246094,70.4800033569336,147.27999877929688,70.9000015258789,143.89999389648438,70.25,144.25,70.29000091552734,8887500.0,1814800.0
2020-02-04,145.6161651611328,73.0,149.11000061035156,73.0,149.3800048828125,73.86000061035156,146.8800048828125,71.16000366210938,147.77999877929688,72.16999816894531,5621000.0,1578700.0
2020-02-05,152.6669921875,70.51000213623047,156.3300018310547,70.51000213623047,157.44000244140625,71.05999755859375,150.14999389648438,70.3499984741211,150.2100067138672,70.66000366210938,14386800.0,1799000.0
2020-02-06,153.0869140625,71.55000305175781,156.75999450683594,71.55000305175781,158.75,71.55000305175781,155.4199981689453,70.97000122070312,156.82000732421875,70.97000122070312,8400500.0,662600.0
2020-02-07,151.37982177734375,70.08999633789062,153.41000366210938,70.08999633789062,155.5399932861328,71.25,152.9199981689453,69.70999908447266,154.5500030517578,71.0,6423400.0,1462400.0
2020-02-10,152.3863067626953,70.16999816894531,154.42999267578125,70.16999816894531,154.44000244140625,70.20999908447266,151.5800018310547,69.62999725341797,152.97000122070312,70.12999725341797,5239800.0,929300.0
2020-02-11,151.44888305664062,70.31999969482422,153.47999572753906,70.31999969482422,155.22000122070312,70.8499984741211,152.72999572753906,70.19000244140625,155.1199951171875,70.62999725341797,3835100.0,852000.0
2020-02-12,153.25466918945312,70.7699966430664,155.30999755859375,70.7699966430664,155.60000610351562,70.79000091552734,153.52000427246094,70.30000305175781,153.75,70.30000305175781,4437800.0,587900.0
2020-02-13,152.2678985595703,69.5999984741211,154.30999755859375,69.5999984741211,154.8300018310547,69.91999816894531,153.41000366210938,69.51000213623047,154.3699951171875,69.91999816894531,3820700.0,910300.0
2020-02-14,148.70567321777344,68.83000183105469,150.6999969482422,68.83000183105469,154.55999755859375,69.52999877929688,149.77000427246094,68.45999908447266,154.4199981689453,69.4800033569336,6099200.0,1485200.0
2020-02-18,149.1003875732422,66.63999938964844,151.10000610351562,66.63999938964844,151.3800048828125,67.08999633789062,149.63999938964844,66.0999984741211,149.7899932861328,66.41999816894531,3343000.0,2345700.0
2020-02-19,148.86355590820312,67.06999969482422,150.86000061035156,67.06999969482422,151.88999938964844,67.37000274658203,150.30999755859375,66.87000274658203,151.5399932861328,66.95999908447266,2732900.0,1234900.0
2020-02-20,149.2187957763672,66.73999786376953,151.22000122070312,66.73999786376953,151.6199951171875,67.16999816894531,149.50999450683594,66.02999877929688,150.80999755859375,66.91000366210938,2880500.0,1326100.0
2020-02-21,147.8570556640625,65.94000244140625,149.83999633789062,65.94000244140625,151.0399932861328,67.0,148.83999633789062,65.75,151.0399932861328,66.94999694824219,3536900.0,906900.0
2020-02-24,144.49217224121094,63.93000030517578,146.42999267578125,63.93000030517578,148.0500030517578,64.58000183105469,145.3800048828125,63.5099983215332,145.50999450683594,64.0,5452400.0,1413800.0
2020-02-25,139.83465576171875,63.58000183105469,141.7100067138672,63.58000183105469,147.07000732421875,65.5,141.25999450683594,63.130001068115234,146.50999450683594,65.25,6211500.0,2226400.0
2020-02-26,137.9005889892578,63.939998626708984,139.75,63.939998626708984,144.05999755859375,64.83000183105469,139.60000610351562,63.779998779296875,142.89999389648438,64.36000061035156,5407900.0,1553400.0
2020-02-27,131.3484649658203,60.88999938964844,133.11000061035156,60.88999938964844,138.69000244140625,62.720001220703125,133.00999450683594,60.880001068115234,137.24000549316406,61.90999984741211,8410300.0,2004800.0
2020-02-28,128.42762756347656,62.20000076293945,130.14999389648438,62.20000076293945,131.08999633789062,62.459999084472656,126.36000061035156,59.349998474121094,129.97999572753906,59.4900016784668,13012200.0,2723300.0
2020-03-02,132.52272033691406,64.16000366210938,134.3000030517578,64.16000366210938,134.44000244140625,64.26000213623047,127.94999694824219,62.310001373291016,130.75,63.599998474121094,8531400.0,2117900.0
2020-03-03,127.19416809082031,63.18000030517578,128.89999389648438,63.18000030517578,136.10000610351562,64.51000213623047,127.80000305175781,62.560001373291016,134.47999572753906,63.77000045776367,7896100.0,1714500.0
2020-03-04,132.4437713623047,64.79000091552734,134.22000122070312,64.79000091552734,134.27999877929688,64.94999694824219,129.0,63.56999969482422,131.5800018310547,63.779998779296875,4996400.0,1223800.0
2020-03-05,127.8355712890625,63.439998626708984,129.5500030517578,63.439998626708984,132.2899932861328,63.9900016784668,128.4499969482422,62.91999816894531,130.5,63.849998474121094,5446200.0,1259900.0
2020-03-06,126.03965759277344,63.119998931884766,127.7300033569336,63.119998931884766,128.3300018310547,63.2400016784668,124.5199966430664,62.15999984741211,126.69999694824219,62.79999923706055,8193300.0,1165600.0
2020-03-09,116.25093078613281,58.529998779296875,117.80999755859375,58.529998779296875,122.41000366210938,60.470001220703125,117.27999877929688,58.0,120.16000366210938,58.189998626708984,10757500.0,1374800.0
2020-03-10,123.11882781982422,60.33000183105469,124.7699966430664,60.33000183105469,124.87999725341797,61.150001525878906,115.76000213623047,59.060001373291016,122.77999877929688,61.09000015258789,11410700.0,3117300.0
2020-03-11,116.40882110595703,57.790000915527344,117.97000122070312,57.790000915527344,122.58000183105469,59.349998474121094,116.37999725341797,57.439998626708984,121.01000213623047,58.95000076293945,8446500.0,1349800.0
2020-03-12,101.4494400024414,52.56999969482422,102.80999755859375,52.56999969482422,109.80000305175781,55.470001220703125,102.27999877929688,51.5,109.6500015258789,54.529998779296875,12512700.0,2072100.0
2020-03-13,106.52141571044922,56.31999969482422,107.94999694824219,56.31999969482422,109.16000366210938,56.66999816894531,100.80999755859375,53.290000915527344,108.68000030517578,56.349998474121094,12502100.0,2012300.0
2020-03-16,97.76880645751953,51.68000030517578,99.08000183105469,51.68000030517578,107.41000366210938,53.86000061035156,95.0,50.939998626708984,98.0,52.0,10568000.0,1458900.0
2020-03-17,105.2386245727539,55.20000076293945,106.6500015258789,55.20000076293945,107.4000015258789,55.369998931884766,97.0999984741211,52.650001525878906,100.61000061035156,53.40999984741211,9258300.0,1702400.0
2020-03-18,102.17964935302734,54.790000915527344,103.55000305175781,54.790000915527344,106.93000030517578,58.099998474121094,99.4000015258789,52.08000183105469,99.41000366210938,54.779998779296875,8772500.0,3626500.0
2020-03-19,99.01212310791016,55.400001525878906,100.33999633789062,55.400001525878906,103.69000244140625,56.040000915527344,98.23999786376953,53.599998474121094,102.33000183105469,54.86000061035156,8396500.0,2382900.0
2020-03-20,94.12763214111328,53.060001373291016,95.38999938964844,53.060001373291016,100.98999786376953,56.900001525878906,94.70999908447266,52.81999969482422,100.91999816894531,56.47999954223633,10546500.0,1613000.0
2020-03-23,93.51583862304688,52.900001525878906,94.7699966430664,52.900001525878906,97.73999786376953,54.400001525878906,90.55999755859375,51.58000183105469,94.5999984741211,53.939998626708984,9729400.0,1592600.0
2020-03-24,104.08411407470703,57.0,105.4800033569336,57.0,106.04000091552734,57.0,99.26000213623047,55.560001373291016,99.98999786376953,56.29999923706055,7973900.0,2281900.0
2020-03-25,104.44921112060547,57.68000030517578,105.8499984741211,57.68000030517578,112.4800033569336,59.33000183105469,102.83000183105469,56.31999969482422,105.4800033569336,58.380001068115234,8654000.0,1225000.0
2020-03-26,111.39604187011719,60.5,112.88999938964844,60.5,113.1500015258789,60.5099983215332,105.56999969482422,58.0,106.91000366210938,58.65999984741211,7153500.0,1465400.0
2020-03-27,106.60035705566406,59.31999969482422,108.02999877929688,59.31999969482422,111.5,60.599998474121094,107.6500015258789,58.720001220703125,108.58000183105469,59.599998474121094,6423000.0,1943400.0
2020-03-30,111.43551635742188,60.16999816894531,112.93000030517578,60.16999816894531,113.45999908447266,60.45000076293945,107.80999755859375,59.13999938964844,108.08999633789062,59.939998626708984,5564500.0,1215200.0
2020-03-31,109.46198272705078,59.18000030517578,110.93000030517578,59.18000030517578,113.80999755859375,60.5,110.16999816894531,58.61000061035156,112.0,59.27000045776367,6343300.0,1057900.0
2020-04-01,103.74860382080078,56.849998474121094,105.13999938964844,56.849998474121094,109.91999816894531,58.43000030517578,104.5199966430664,56.650001525878906,106.36000061035156,57.93000030517578,6112900.0,1110900.0
2020-04-02,108.5442886352539,58.90999984741211,110.0,58.90999984741211,110.31999969482422,59.29999923706055,105.13999938964844,57.90999984741211,105.37000274658203,58.369998931884766,6328700.0,1107900.0
2020-04-03,104.93272399902344,57.47999954223633,106.33999633789062,57.47999954223633,110.06999969482422,58.529998779296875,104.91999816894531,56.77000045776367,108.91999816894531,58.0,4538800.0,667800.0
2020-04-06,113.30050659179688,60.869998931884766,114.81999969482422,60.869998931884766,115.62999725341797,61.22999954223633,110.12999725341797,59.5,110.3499984741211,59.83000183105469,7034200.0,1196800.0
2020-04-07,113.41891479492188,60.65999984741211,114.94000244140625,60.65999984741211,119.56999969482422,62.900001525878906,114.87000274658203,60.459999084472656,118.80000305175781,62.75,5595300.0,1347100.0
2020-04-08,117.71134948730469,62.11000061035156,119.29000091552734,62.11000061035156,119.95999908447266,62.369998931884766,115.06999969482422,60.720001220703125,116.30999755859375,61.08000183105469,5158600.0,1112600.0
2020-04-09,119.89210510253906,61.58000183105469,121.5,61.58000183105469,122.91999816894531,62.45000076293945,120.16999816894531,61.0,120.4800033569336,62.22999954223633,5576800.0,1139300.0
2020-04-13,119.54673767089844,60.09000015258789,121.1500015258789,60.09000015258789,121.80000305175781,61.08000183105469,118.04000091552734,59.5099983215332,121.62999725341797,61.0,5119700.0,1551700.0
2020-04-14,122.27021026611328,61.43000030517578,123.91000366210938,61.43000030517578,125.18000030517578,62.04999923706055,122.62000274658203,60.900001525878906,123.45999908447266,61.79999923706055,5088700.0,1762500.0
2020-04-15,117.11929321289062,62.06999969482422,118.69000244140625,62.06999969482422,120.19000244140625,62.20000076293945,116.76000213623047,61.2400016784668,119.12000274658203,62.20000076293945,5637300.0,2207300.0
2020-04-16,114.1984634399414,62.2400016784668,115.7300033569336,62.2400016784668,119.75,62.470001220703125,114.41999816894531,61.59000015258789,119.01000213623047,62.41999816894531,6457600.0,2740200.0
2020-04-17,118.53036499023438,64.44000244140625,120.12000274658203,64.44000244140625,120.38999938964844,64.44000244140625,117.91999816894531,63.4900016784668,119.30000305175781,64.13999938964844,4966000.0,3182300.0
2020-04-20,118.8165283203125,63.54999923706055,120.41000366210938,63.54999923706055,122.86000061035156,64.43000030517578,118.13999938964844,63.20000076293945,119.1500015258789,63.59000015258789,8181700.0,2436900.0
2020-04-21,115.21483612060547,62.04999923706055,116.76000213623047,62.04999923706055,117.1500015258789,62.650001525878906,112.05999755859375,61.40999984741211,114.0,62.209999084472656,14349000.0,2203700.0
2020-04-22,117.7310791015625,62.68000030517578,119.30999755859375,62.68000030517578,120.33000183105469,62.97999954223633,117.55000305175781,62.470001220703125,119.87000274658203,62.689998626708984,7087900.0,837300.0
2020-04-23,119.74408721923828,62.060001373291016,121.3499984741211,62.060001373291016,123.02999877929688,63.5,119.12000274658203,61.959999084472656,119.56999969482422,63.43000030517578,6881600.0,985500.0
2020-04-24,123.06948852539062,62.959999084472656,124.72000122070312,62.959999084472656,125.0,63.189998626708984,120.76000213623047,62.25,122.41000366210938,63.189998626708984,4987300.0,1158100.0
2020-04-27,124.25360870361328,63.45000076293945,125.91999816894531,63.45000076293945,126.98999786376953,63.869998931884766,125.47000122070312,63.220001220703125,125.55999755859375,63.5099983215332,4923800.0,1233300.0
2020-04-28,124.5989761352539,62.91999816894531,126.2699966430664,62.91999816894531,128.1999969482422,64.04000091552734,125.37999725341797,62.88999938964844,128.02999877929688,63.880001068115234,4778100.0,972100.0
2020-04-29,126.98695373535156,64.58000183105469,128.69000244140625,64.58000183105469,129.30999755859375,64.8499984741211,127.52999877929688,63.83000183105469,128.8800048828125,64.41000366210938,5257600.0,1193600.0
2020-04-30,123.89836883544922,64.25,125.55999755859375,64.25,127.2699966430664,64.44000244140625,125.22000122070312,63.400001525878906,126.5199966430664,64.16000366210938,6632000.0,1108900.0
2020-05-01,120.25720977783203,62.72999954223633,121.87000274658203,62.72999954223633,123.47000122070312,63.619998931884766,121.38999938964844,62.15999984741211,123.19000244140625,63.22999954223633,4925500.0,625200.0
2020-05-04,120.06971740722656,61.939998626708984,121.68000030517578,61.939998626708984,121.97000122070312,62.529998779296875,119.38999938964844,61.349998474121094,120.81999969482422,62.29999923706055,4017900.0,768100.0
2020-05-05,120.95780944824219,63.38999938964844,122.58000183105469,63.38999938964844,124.31999969482422,63.7400016784668,122.47000122070312,62.779998779296875,123.38999938964844,62.88999938964844,3899400.0,957200.0
2020-05-06,121.54000091552734,63.95000076293945,123.16999816894531,63.95000076293945,124.05000305175781,64.26000213623047,122.41000366210938,63.2400016784668,123.23999786376953,63.939998626708984,3864600.0,913600.0
2020-05-07,121.2300033569336,64.37000274658203,121.2300033569336,64.37000274658203,123.26000213623047,64.58999633789062,120.8499984741211,63.900001525878906,122.9800033569336,64.2699966430664,4412600.0,900400.0
2020-05-08,122.98999786376953,65.51000213623047,122.98999786376953,65.51000213623047,123.2300033569336,65.88999938964844,121.05999755859375,64.58999633789062,122.66999816894531,65.0,5003900.0,957700.0
2020-05-11,122.58999633789062,65.97000122070312,122.58999633789062,65.97000122070312,123.44999694824219,66.05000305175781,120.66999816894531,65.27999877929688,121.80999755859375,65.7699966430664,3535300.0,915300.0
2020-05-12,120.26000213623047,65.58999633789062,120.26000213623047,65.58999633789062,124.31999969482422,66.4000015258789,120.26000213623047,65.55000305175781,123.01000213623047,65.91999816894531,4784500.0,1140200.0
2020-05-13,115.7300033569336,62.779998779296875,115.7300033569336,62.779998779296875,119.98999786376953,64.05000305175781,114.8499984741211,62.29999923706055,119.94999694824219,63.68000030517578,5882800.0,2543800.0
2020-05-14,116.94999694824219,63.65999984741211,116.94999694824219,63.65999984741211,117.08999633789062,63.65999984741211,111.80999755859375,62.369998931884766,114.56999969482422,62.939998626708984,5259400.0,1329900.0
2020-05-15,116.9800033569336,64.01000213623047,116.9800033569336,64.01000213623047,117.38999938964844,64.55999755859375,115.25,63.47999954223633,115.93000030517578,63.52000045776367,4786300.0,1241200.0
2020-05-18,121.55999755859375,64.06999969482422,121.55999755859375,64.06999969482422,122.36000061035156,64.45999908447266,119.75,62.689998626708984,119.87999725341797,63.0,4207600.0,1976900.0
2020-05-19,120.29000091552734,63.04999923706055,120.29000091552734,63.04999923706055,122.16999816894531,64.33999633789062,120.13999938964844,63.0,121.19000244140625,64.29000091552734,3241100.0,2118400.0
2020-05-20,121.37999725341797,63.16999816894531,121.37999725341797,63.16999816894531,122.47000122070312,63.849998474121094,120.5999984741211,63.060001373291016,120.93000030517578,63.22999954223633,3840700.0,2146500.0
2020-05-21,119.12000274658203,62.7400016784668,119.12000274658203,62.7400016784668,121.72000122070312,63.380001068115234,118.97000122070312,62.18000030517578,120.98999786376953,63.0,4000900.0,1214600.0
2020-05-22,118.38999938964844,63.2400016784668,118.38999938964844,63.2400016784668,119.47000122070312,63.31999969482422,117.58999633789062,62.59000015258789,119.37000274658203,63.20000076293945,4180800.0,848700.0
2020-05-26,121.76000213623047,62.18000030517578,121.76000213623047,62.18000030517578,122.62000274658203,63.15999984741211,121.01000213623047,62.15999984741211,121.30000305175781,62.790000915527344,5469300.0,1435100.0
2020-05-27,125.54000091552734,62.970001220703125,125.54000091552734,62.970001220703125,125.83000183105469,63.029998779296875,123.47000122070312,62.02000045776367,123.94000244140625,62.5,5727500.0,1524600.0
2020-05-28,124.52999877929688,64.58000183105469,124.52999877929688,64.58000183105469,126.97000122070312,65.33000183105469,124.22000122070312,63.58000183105469,126.87000274658203,63.58000183105469,3915300.0,1606900.0
2020-05-29,124.9000015258789,64.76000213623047,124.9000015258789,64.76000213623047,125.12999725341797,64.76000213623047,122.23999786376953,63.650001525878906,123.66999816894531,64.19999694824219,7930500.0,1176800.0
2020-06-01,124.88999938964844,65.48999786376953,124.88999938964844,65.48999786376953,125.75,65.6500015258789,124.02999877929688,64.55999755859375,124.63999938964844,64.91000366210938,2871700.0,1423600.0
2020-06-02,126.0,66.75,126.0,66.75,126.0,66.81999969482422,124.66000366210938,65.91999816894531,125.66999816894531,65.9800033569336,2978100.0,1420600.0
2020-06-03,129.0500030517578,66.79000091552734,129.0500030517578,66.79000091552734,129.60000610351562,67.0199966430664,127.0,65.97000122070312,127.1500015258789,66.0,3917700.0,2723200.0
2020-06-04,128.88999938964844,66.18000030517578,128.88999938964844,66.18000030517578,128.9499969482422,67.41000366210938,127.0199966430664,66.05999755859375,127.77999877929688,67.0,3864800.0,1167400.0
2020-06-05,132.05999755859375,67.30999755859375,132.05999755859375,67.30999755859375,134.22999572753906,67.55000305175781,131.75,66.55000305175781,133.88999938964844,66.58000183105469,5892700.0,1274500.0
